<component>
  <actions>
    <action id="IncrementalSearch" class="com.intellij.codeInsight.navigation.actions.IncrementalSearchAction"/>
    <action id="AddToFavoritesPopup" class="com.intellij.ide.favoritesTreeView.actions.AddToFavoritesPopupAction"/>
    <group id="AddToFavorites" class="com.intellij.ide.favoritesTreeView.actions.AddToFavoritesActionGroup" popup="true"/>
    <group id="AddAllToFavorites" class="com.intellij.ide.favoritesTreeView.actions.AddAllToFavoritesActionGroup" popup="true"/>
    <action id="AddNewFavoritesList" class="com.intellij.ide.favoritesTreeView.actions.AddNewFavoritesListAction"/>
    <group id="SendToFavoritesGroup" class="com.intellij.ide.favoritesTreeView.actions.SendToFavoritesGroup" popup="true"/>
    <group id="MoveModuleToGroup" class="com.intellij.ide.projectView.impl.MoveModuleToGroupTopLevel" popup="true"/>

    <action id="RunConfiguration" class="com.intellij.execution.actions.RunConfigurationAction"/>
    <group id="RunContextGroup" popup="false">
      <action id="CreateRunConfiguration" class="com.intellij.execution.actions.CreateAction"/>
    </group>
    <group id="RunContextPopupGroup" popup="false">
      <reference ref="RunContextGroup"/>
    </group>

    <group id="LangCodeInsightActions">
      <action id="EditorSelectWord" class="com.intellij.openapi.editor.actions.SelectWordAtCaretAction"/>
      <action id="EditorUnSelectWord" class="com.intellij.openapi.editor.actions.UnselectWordAtCaretAction"/>

      <add-to-group group-id="EditorActions" anchor="last"/>
    </group>

    <group id="GenerateGroup">
      <action id="OverrideMethods" class="com.intellij.codeInsight.generation.actions.OverrideMethodsAction"/>
      <action id="ImplementMethods" class="com.intellij.codeInsight.generation.actions.ImplementMethodsAction"/>
    </group>

    <action id="ShowIntentionActions" class="com.intellij.codeInsight.intention.actions.ShowIntentionActionsAction"/>

    <!-- File -->

    <action id="ReloadFromDisk" class="com.intellij.ide.actions.ReloadFromDiskAction">
      <add-to-group group-id="SynchronizeGroup" anchor="last"/>
    </action>


    <group id="PrintExportGroup">
      <separator/>
      <action id="ExportToHTML" class="com.intellij.codeEditor.printing.ExportToHTMLAction"/>
      <action id="Print" class="com.intellij.codeEditor.printing.PrintAction"/>

      <add-to-group group-id="FileMenu" anchor="after" relative-to-action="SynchronizeGroup"/>

    </group>

    <!-- Edit -->
    <action id="CopyReference" class="com.intellij.ide.actions.CopyReferenceAction">
      <add-to-group group-id="CutCopyPasteGroup" anchor="after" relative-to-action="CopyPaths"/>
    </action>

    <group id="EditSelectWordGroup">
      <reference ref="EditorSelectWord"/>
      <reference ref="EditorUnSelectWord"/>

      <add-to-group group-id="EditSelectGroup" anchor="last"/>
    </group>

    <group id="EditBookmarksGroup">
      <action id="ToggleBookmark" class="com.intellij.ide.bookmarks.actions.ToggleBookmarkAction"/>
      <action id="ShowBookmarks" class="com.intellij.ide.bookmarks.actions.ShowBookmarksAction"/>
      <separator/>

      <add-to-group group-id="EditMenu" anchor="after" relative-to-action="EditCreateDeleteGroup"/>
    </group>

    <!-- Search -->
    <group id="SearchMenu" popup="true">
      <action id="Find" class="com.intellij.openapi.editor.actions.IncrementalFindAction" icon="/actions/menu-find.png"/>
      <action id="Replace" class="com.intellij.openapi.editor.actions.ReplaceAction" icon="/actions/menu-replace.png"/>
      <action id="FindNext" class="com.intellij.ide.actions.SearchAgainAction"/>
      <action id="FindPrevious" class="com.intellij.ide.actions.SearchBackAction"/>
      <action id="FindWordAtCaret" class="com.intellij.openapi.editor.actions.FindWordAtCaretAction"/>
      <separator/>
      <action id="FindUsages" class="com.intellij.find.actions.FindUsagesAction"/>
      <action id="ShowUsages" class="com.intellij.find.actions.ShowUsagesAction"/>
      <action id="FindUsagesInFile" class="com.intellij.find.actions.FindUsagesInFileAction"/>
      <action id="HighlightUsagesInFile" class="com.intellij.codeInsight.highlighting.actions.HighlightUsagesAction"/>
      <group id="ShowRecentFindUsagesGroup" class="com.intellij.find.impl.ShowRecentFindUsagesGroup" popup="true"/>
      <separator/>
      <action id="FindInPath" class="com.intellij.find.actions.FindInPathAction"/>
      <action id="ReplaceInPath" class="com.intellij.find.actions.ReplaceInPathAction"/>

      <add-to-group group-id="MainMenu" anchor="after" relative-to-action="EditMenu"/>
    </group>

    <!-- View -->
    <action id="ViewNavigationBar" class="com.intellij.ide.actions.ViewNavigationBarAction">
      <add-to-group group-id="ViewMenu" relative-to-action="ViewStatusBar" anchor="after"/>
    </action>

    <group id="CodeEditorBaseGroup">
      <separator/>
      <group id="CodeEditorViewGroup" class="com.intellij.ide.actions.CodeEditorActionGroup">
        <action id="FileStructurePopup" class="com.intellij.ide.actions.ViewStructureAction"/>
        <action id="QuickJavaDoc" class="com.intellij.codeInsight.documentation.actions.ShowJavaDocInfoAction"/>
        <action id="ExternalJavaDoc" class="com.intellij.ide.actions.ExternalJavaDocAction"/>
        <action id="SelectIn" class="com.intellij.ide.actions.SelectInAction"/>
        <action id="ParameterInfo" class="com.intellij.codeInsight.hint.actions.ShowParameterInfoAction"/>
        <action id="ShowErrorDescription" class="com.intellij.codeInsight.daemon.impl.actions.ShowErrorDescriptionAction"/>
      </group>
      <separator/>

      <group id="ProjectViewGroup" class="com.intellij.ide.projectView.actions.ProjectViewActionGroup">
        <action id="ProjectViewChangeView" class="com.intellij.ide.projectView.actions.ChangeProjectViewAction"/>
      </group>
      <separator/>
      <reference ref="AddToFavorites"/>
      <separator/>

      <add-to-group group-id="ViewMenu" relative-to-action="ViewModeActions" anchor="after"/>
    </group>

    <group id="FoldingGroup" class="com.intellij.codeInsight.folding.impl.actions.FoldingGroup" popup="true">
      <action id="ExpandRegion" class="com.intellij.codeInsight.folding.impl.actions.ExpandRegionAction"/>
      <action id="CollapseRegion" class="com.intellij.codeInsight.folding.impl.actions.CollapseRegionAction"/>
      <separator/>
      <action id="ExpandAllRegions" class="com.intellij.codeInsight.folding.impl.actions.ExpandAllRegionsAction"/>
      <action id="CollapseAllRegions" class="com.intellij.codeInsight.folding.impl.actions.CollapseAllRegionsAction"/>
      <separator/>
      <group id="LanguageSpecificFoldingGroup"/>
      <separator/>
      <action id="CollapseSelection" class="com.intellij.codeInsight.folding.impl.actions.CollapseSelectionAction"/>
      <group id="LanguageSpecificCollapseGroup"/>

      <add-to-group group-id="ViewMenu" anchor="last"/>
    </group>

    <!-- TODO: correct action location -->
    <action id="QuickImplementations" class="com.intellij.codeInsight.hint.actions.ShowImplementationsAction">
      <add-to-group group-id="ViewMenu" relative-to-action="ToggleFullScreenMode" anchor="after"/>
    </action>

    <!-- Go To -->
    <group id="GoToTargetEx">
      <action id="GotoClass" class="com.intellij.ide.actions.GotoClassAction"/>
      <action id="GotoFile" class="com.intellij.ide.actions.GotoFileAction"/>
      <action id="GotoSymbol" class="com.intellij.ide.actions.GotoSymbolAction"/>
      <action id="GotoAction" class="com.intellij.ide.actions.GotoActionAction"/>

      <add-to-group group-id="GoToTarget" anchor="first"/>
    </group>

    <group id="GoToErrorGroup">
      <separator/>
      <action id="GotoNextError" class="com.intellij.codeInsight.daemon.impl.actions.GotoNextErrorAction"/>
      <action id="GotoPreviousError" class="com.intellij.codeInsight.daemon.impl.actions.GotoPreviousErrorAction"/>
      <separator/>

      <action id="GotoNextBookmark" class="com.intellij.ide.bookmarks.actions.NextBookmarkAction"/>
      <action id="GotoPreviousBookmark" class="com.intellij.ide.bookmarks.actions.PreviousBookmarkAction"/>
      <add-to-group group-id="GoToMenu" anchor="before" relative-to-action="Back"/>
    </group>

    <group id="GoToCodeGroup">
      <action id="ShowNavBar" class="com.intellij.ide.navigationToolbar.PopupToolbarAction"/>
      <action id="GotoDeclaration" class="com.intellij.codeInsight.navigation.actions.GotoDeclarationAction"/>
      <action id="GotoImplementation" class="com.intellij.codeInsight.navigation.actions.GotoImplementationAction"/>
      <action id="GotoTypeDeclaration" class="com.intellij.codeInsight.navigation.actions.GotoTypeDeclarationAction"/>
      <action id="GotoSuperMethod" class="com.intellij.codeInsight.navigation.actions.GotoSuperAction"/>
      <separator/>

      <add-to-group group-id="GoToMenu" anchor="before" relative-to-action="GoToErrorGroup"/>
    </group>

    <!-- Code -->
    <group id="CodeMenu" popup="true">
      <reference ref="OverrideMethods"/>
      <reference ref="ImplementMethods"/>
      <action id="Generate" class="com.intellij.codeInsight.generation.actions.GenerateAction"/>
      <separator/>
      <group id="CodeSurroundGroup">
        <action id="SurroundWith" class="com.intellij.codeInsight.generation.actions.SurroundWithAction"/>
      </group>
      <separator/>

      <group id="CodeCompletionGroup" class="com.intellij.codeInsight.completion.actions.CodeCompletionGroup" popup="true">
        <action id="CodeCompletion" class="com.intellij.codeInsight.completion.actions.CodeCompletionAction"/>
        <separator/>
        <action id="HippieCompletion" class="com.intellij.codeInsight.completion.actions.HippieCompletionAction"/>
        <action id="HippieBackwardCompletion" class="com.intellij.codeInsight.completion.actions.HippieBackwardCompletionAction"/>
      </group>

      <separator/>

      <action id="InsertLiveTemplate" class="com.intellij.codeInsight.template.impl.actions.ListTemplatesAction"/>
      <action id="SurroundWithLiveTemplate" class="com.intellij.codeInsight.template.impl.actions.SurroundWithTemplateAction"/>
      <separator/>

      <group id="CommentGroup">
        <action id="CommentByLineComment" class="com.intellij.codeInsight.generation.actions.CommentByLineCommentAction"/>
        <action id="CommentByBlockComment" class="com.intellij.codeInsight.generation.actions.CommentByBlockCommentAction"/>
      </group>

      <group id="CodeFormatGroup">
        <action id="ReformatCode" class="com.intellij.codeInsight.actions.ReformatCodeAction"/>
        <action id="OptimizeImports" class="com.intellij.codeInsight.actions.OptimizeImportsAction"/>
      </group>

      <add-to-group group-id="MainMenu" anchor="after" relative-to-action="GoToMenu"/>
    </group>

    <!-- Analyze -->
    <group id="AnalyzeMenu" popup="true">
      <action id="InspectCode" class="com.intellij.codeInspection.actions.CodeInspectionAction"/>
      <action id="ViewOfflineInspection" class="com.intellij.codeInspection.actions.ViewOfflineResultsAction"/>
      <separator/>
      <action id="ShowPackageDeps" class="com.intellij.packageDependencies.actions.AnalyzeDependenciesAction"/>
      <action id="ShowBackwardPackageDeps" class="com.intellij.packageDependencies.actions.BackwardDependenciesAction"/>
      <add-to-group group-id="MainMenu" anchor="after" relative-to-action="CodeMenu"/>
    </group>

    <!-- Refactor -->
    <group id="RefactoringMenu" popup="true">
      <action id="RenameElement" class="com.intellij.refactoring.actions.RenameElementAction"/>
      <separator/>
      <action id="Move" class="com.intellij.refactoring.actions.MoveAction"/>
      <action id="CopyElement" class="com.intellij.ide.actions.CopyElementAction"/>
      <action id="CloneElement" class="com.intellij.ide.actions.CloneElementAction"/>
      <action id="SafeDelete" class="com.intellij.refactoring.actions.SafeDeleteAction"/>
      <separator/>
      <action id="ExtractMethod" class="com.intellij.refactoring.actions.ExtractMethodAction"/>
      <action id="IntroduceVariable" class="com.intellij.refactoring.actions.IntroduceVariableAction"/>

      <add-to-group group-id="MainMenu" anchor="after" relative-to-action="AnalyzeMenu"/>
    </group>

    <!-- Run -->
    <group id="RunMenu" popup="true">
      <group id="RunnerActions"/>
      <action id="editRunConfigurations" class="com.intellij.execution.actions.EditRunConfigurationsAction"/>
      <action id="Stop" class="com.intellij.execution.actions.StopAction" icon="/actions/suspend.png"/>

      <add-to-group group-id="MainMenu" anchor="after" relative-to-action="RefactoringMenu"/>
    </group>


    <!-- Tools -->
    <group id="ToolsBasicGroup">
      <action id="SaveAsTemplate" class="com.intellij.codeInsight.template.actions.SaveAsTemplateAction"/>
      <action id="SaveFileAsTemplate" class="com.intellij.ide.actions.SaveFileAsTemplateAction"/>
      <separator/>

      <add-to-group group-id="ToolsMenu" anchor="first"/>
    </group>

    <group id="ExternalToolsGroup" class="com.intellij.tools.ExternalToolsGroup">
      <add-to-group group-id="ToolsMenu" anchor="last"/>
    </group>

    <group id="NewGroup" popup="true">
      <action id="NewFile" class="com.intellij.ide.actions.CreateFileAction"/>
      <action id="NewFromTemplate" class="com.intellij.ide.fileTemplates.actions.CreateFromTemplateGroup"/>
    </group>


    <!-- Toolbar -->
    <group id="ToolbarFindGroup">
      <separator/>

      <reference ref="Find"/>
      <reference ref="Replace"/>

      <add-to-group group-id="MainToolBar" relative-to-action="$Paste" anchor="after"/>
    </group>

    <group id="ToolbarRunGroup">
      <separator/>
      <reference ref="RunConfiguration"/>
      <reference ref="RunnerActions"/>

      <add-to-group group-id="MainToolBar" relative-to-action="Forward" anchor="after"/>
    </group>

    <group id="Bookmarks">
      <reference ref="ToggleBookmark"/>
      <reference ref="ShowBookmarks"/>
      <reference ref="GotoNextBookmark"/>
      <reference ref="GotoPreviousBookmark"/>

      <action id="ToggleBookmark0" class="com.intellij.ide.bookmarks.actions.ToggleBookmark0Action"/>
      <action id="ToggleBookmark1" class="com.intellij.ide.bookmarks.actions.ToggleBookmark1Action"/>
      <action id="ToggleBookmark2" class="com.intellij.ide.bookmarks.actions.ToggleBookmark2Action"/>
      <action id="ToggleBookmark3" class="com.intellij.ide.bookmarks.actions.ToggleBookmark3Action"/>
      <action id="ToggleBookmark4" class="com.intellij.ide.bookmarks.actions.ToggleBookmark4Action"/>
      <action id="ToggleBookmark5" class="com.intellij.ide.bookmarks.actions.ToggleBookmark5Action"/>
      <action id="ToggleBookmark6" class="com.intellij.ide.bookmarks.actions.ToggleBookmark6Action"/>
      <action id="ToggleBookmark7" class="com.intellij.ide.bookmarks.actions.ToggleBookmark7Action"/>
      <action id="ToggleBookmark8" class="com.intellij.ide.bookmarks.actions.ToggleBookmark8Action"/>
      <action id="ToggleBookmark9" class="com.intellij.ide.bookmarks.actions.ToggleBookmark9Action"/>

      <action id="GotoBookmark0" class="com.intellij.ide.bookmarks.actions.GotoBookmark0Action"/>
      <action id="GotoBookmark1" class="com.intellij.ide.bookmarks.actions.GotoBookmark1Action"/>
      <action id="GotoBookmark2" class="com.intellij.ide.bookmarks.actions.GotoBookmark2Action"/>
      <action id="GotoBookmark3" class="com.intellij.ide.bookmarks.actions.GotoBookmark3Action"/>
      <action id="GotoBookmark4" class="com.intellij.ide.bookmarks.actions.GotoBookmark4Action"/>
      <action id="GotoBookmark5" class="com.intellij.ide.bookmarks.actions.GotoBookmark5Action"/>
      <action id="GotoBookmark6" class="com.intellij.ide.bookmarks.actions.GotoBookmark6Action"/>
      <action id="GotoBookmark7" class="com.intellij.ide.bookmarks.actions.GotoBookmark7Action"/>
      <action id="GotoBookmark8" class="com.intellij.ide.bookmarks.actions.GotoBookmark8Action"/>
      <action id="GotoBookmark9" class="com.intellij.ide.bookmarks.actions.GotoBookmark9Action"/>
    </group>

    <group id="ProjectViewPopupMenuRefactoringGroup">
      <reference ref="RefactoringMenu"/>
    </group>

    <group id="ProjectViewPopupMenuModifyGroup">
      <reference ref="$Delete"/>
    </group>

    <group id="ProjectViewPopupMenuRunGroup">
      <reference ref="RunContextPopupGroup"/>
    </group>

    <group id="ProjectViewPopupMenuSettingsGroup">
      <reference ref="MoveModuleToGroup"/>
    </group>

    <group id="ProjectViewPopupMenu">
      <reference ref="NewGroup"/>
      <action id="AssociateWithFileType" class="com.intellij.ide.actions.AssociateFileType"/>
      <separator/>
      <reference ref="CutCopyPasteGroup"/>
      <reference ref="EditSource"/>
      <reference ref="ChangesView.ApplyPatch"/>
      <separator/>
      <reference ref="FindUsages"/>
      <reference ref="FindInPath"/>
      <reference ref="ReplaceInPath"/>
      <reference ref="AnalyzeMenu"/>
      <separator/>
      <reference ref="ProjectViewPopupMenuRefactoringGroup"/>
      <separator/>
      <reference ref="AddToFavorites"/>
      <reference ref="MoveToChangeList"/>
      <separator/>
      <reference ref="ProjectViewPopupMenuModifyGroup"/>
      <separator/>
      <reference ref="ProjectViewPopupMenuRunGroup"/>
      <separator/>
      <reference ref="VersionControlsGroup"/>
      <action id="SynchronizeCurrentFile" class="com.intellij.ide.actions.SynchronizeCurrentFileAction"/>
      <reference ref="CompareTwoFiles"/>
      <reference ref="CompareFileWithEditor"/>
      <separator/>
      <reference ref="ExternalToolsGroup"/>
      <separator/>
      <reference ref="ProjectViewPopupMenuSettingsGroup"/>
    </group>

    <group id="NavbarPopupMenu">
      <reference ref="NewGroup"/>
      <reference ref="AssociateWithFileType"/>
      <separator/>
      <reference ref="CutCopyPasteGroup"/>
      <reference ref="EditSource"/>
      <reference ref="ChangesView.ApplyPatch"/>
      <separator/>
      <reference ref="FindUsages"/>
      <reference ref="FindInPath"/>
      <reference ref="ReplaceInPath"/>
      <reference ref="AnalyzeMenu"/>
      <separator/>
      <reference ref="ProjectViewPopupMenuRefactoringGroup"/>
      <separator/>
      <reference ref="AddToFavorites"/>
      <reference ref="MoveToChangeList"/>
      <separator/>
      <reference ref="ProjectViewPopupMenuModifyGroup"/>
      <separator/>
      <reference ref="ProjectViewPopupMenuRunGroup"/>
      <separator/>
      <reference ref="VersionControlsGroup"/>
      <reference ref="SynchronizeCurrentFile"/>
      <reference ref="CompareTwoFiles"/>
      <reference ref="CompareFileWithEditor"/>
      <separator/>
      <reference ref="ExternalToolsGroup"/>
      <separator/>
      <reference ref="ProjectViewPopupMenuSettingsGroup"/>
    </group>

    <group id="FavoritesViewPopupMenu">
      <reference ref="NewGroup"/>
      <reference ref="AssociateWithFileType"/>
      <separator/>
      <reference ref="CutCopyPasteGroup"/>
      <reference ref="EditSource"/>
      <reference ref="ChangesView.ApplyPatch"/>
      <separator/>
      <reference ref="FindUsages"/>
      <reference ref="FindInPath"/>
      <reference ref="ReplaceInPath"/>
      <reference ref="AnalyzeMenu"/>
      <separator/>
      <reference ref="ProjectViewPopupMenuRefactoringGroup"/>
      <separator/>
      <action id="RenameFavoritesList" class="com.intellij.ide.favoritesTreeView.actions.RenameFavoritesListAction"/>
      <action id="RemoveFromFavorites" class="com.intellij.ide.favoritesTreeView.actions.DeleteFromFavoritesAction"/>
      <action id="RemoveFavoritesList" class="com.intellij.ide.favoritesTreeView.actions.DeleteFavoritesListAction"/>
      <action id="RemoveAllFavoritesListsButThis" class="com.intellij.ide.favoritesTreeView.actions.DeleteAllFavoritesListsButThisAction"/>
      <reference ref="SendToFavoritesGroup"/>
      <reference ref="MoveToChangeList"/>
      <separator/>
      <reference ref="ProjectViewPopupMenuModifyGroup"/>
      <separator/>
      <reference ref="ProjectViewPopupMenuRunGroup"/>
      <separator/>
      <reference ref="VersionControlsGroup"/>
      <reference ref="SynchronizeCurrentFile"/>
      <reference ref="CompareTwoFiles"/>
      <reference ref="CompareFileWithEditor"/>
      <separator/>
      <reference ref="ExternalToolsGroup"/>
      <separator/>
      <reference ref="ProjectViewPopupMenuSettingsGroup"/>
    </group>

    <group id="ScopeViewPopupMenu">
      <reference ref="ProjectViewPopupMenu"/>
      <separator/>
      <action id="ScopeView.EditScopes" class="com.intellij.ide.scopeView.EditScopesAction"/>
    </group>

    <group id="StructureViewPopupMenu">
      <reference ref="EditSource"/>
      <separator/>
      <reference ref="FindUsages"/>
      <reference ref="RefactoringMenu"/>
      <separator/>
      <reference ref="AddToFavorites"/>
      <reference ref="MoveToChangeList"/>
      <separator/>
      <separator/>
      <reference ref="CutCopyPasteGroup"/>
      <separator/>
      <reference ref="RunContextPopupGroup"/>
      <reference ref="VersionControlsGroup"/>
      <separator/>
      <reference ref="CompareTwoFiles"/>
    </group>

    <group id="EditorLangPopupMenu">
      <separator/>
      <group id="EditorPopupMenu.GoTo" popup="true">
        <reference ref="ShowNavBar"/>
        <reference ref="GotoDeclaration"/>
        <reference ref="GotoImplementation"/>
        <reference ref="GotoTypeDeclaration"/>
        <reference ref="GotoSuperMethod"/>
      </group>
      <reference ref="Generate"/>
      <separator/>

      <group id="EditorPopupMenu.Run">
        <reference ref="RunContextPopupGroup"/>
      </group>
      <separator/>
      <reference ref="VersionControlsGroup"/>
      <separator/>
      <reference ref="ExternalToolsGroup"/>

      <add-to-group group-id="EditorPopupMenu" relative-to-action="CloseEditor" anchor="after"/>
    </group>

    <group id="UsageView.Popup">
      <reference ref="EditSource"/>
      <action id="UsageView.Include" class="com.intellij.usages.actions.IncludeUsageAction"/>
      <action id="UsageView.Exclude" class="com.intellij.usages.actions.ExcludeUsageAction"/>
      <separator/>
      <action id="UsageView.ShowRecentFindUsages" class="com.intellij.find.impl.ShowRecentFindUsagesAction" icon="/actions/back.png"/>
    </group>

    <action id="NewElement" class="com.intellij.ide.actions.NewElementAction">
      <add-to-group group-id="EditCreateDeleteGroup" anchor="first"/>
    </action>

    <action id="ChangeCodeStyleScheme" class="com.intellij.ide.actions.QuickChangeCodeStyleSchemeAction">
      <add-to-group group-id="ChangeScheme" anchor="after" relative-to-action="ChangeColorScheme"/>
    </action>

    <action id="ChangeInspectionProfile" class="com.intellij.ide.actions.QuickChangeInspectionProfileAction">
      <add-to-group group-id="ChangeScheme" anchor="after" relative-to-action="ChangeLaf"/>
    </action>

    <action id="FileChooser.GotoModule" class="com.intellij.openapi.fileChooser.actions.GotoModuleDirectory"
      icon="/nodes/ModuleClosed.png">
      <add-to-group group-id="FileChooserToolbar" anchor="after" relative-to-action="FileChooser.GotoProject"/>
    </action>

    <group id="XDebugger.Actions">
      <action id="XDebugger.SetValue" class="com.intellij.xdebugger.impl.ui.tree.actions.XSetValueAction"/>
      <action id="XDebugger.CopyValue" class="com.intellij.xdebugger.impl.ui.tree.actions.XCopyValueAction"/>
      <action id="XDebugger.Inspect" class="com.intellij.xdebugger.impl.ui.tree.actions.XInspectAction"/>
      <action id="XDebugger.AddToWatches" class="com.intellij.xdebugger.impl.ui.tree.actions.XAddToWatchesAction"/>
      <action id="XDebugger.NewWatch" class="com.intellij.xdebugger.impl.frame.actions.XNewWatchAction" icon="/debugger/newWatch.png"/>
      <action id="XDebugger.RemoveWatch" class="com.intellij.xdebugger.impl.frame.actions.XRemoveWatchAction" icon="/actions/delete.png"/>
      <action id="XDebugger.MuteBreakpoints" class="com.intellij.xdebugger.impl.actions.MuteBreakpointAction"
              icon="/debugger/muteBreakpoints.png"/>
    </group>

    <group id="XDebugger.Evaluation.Dialog.Tree.Popup">
      <reference ref="XDebugger.Inspect"/>
      <reference ref="XDebugger.SetValue"/>
      <reference ref="XDebugger.CopyValue"/>
    </group>

    <group id="XDebugger.Variables.Tree.Popup">
      <reference ref="XDebugger.Inspect"/>
      <reference ref="XDebugger.SetValue"/>
      <reference ref="XDebugger.CopyValue"/>
      <reference ref="XDebugger.AddToWatches"/>
    </group>

    <group id="XDebugger.Watches.Tree.Popup">
      <reference ref="XDebugger.Inspect"/>
      <reference ref="XDebugger.SetValue"/>
      <reference ref="XDebugger.CopyValue"/>
    </group>

    <group id="XDebugger.Watches.Tree.Toolbar">
      <reference ref="XDebugger.NewWatch"/>
      <reference ref="XDebugger.RemoveWatch"/>
    </group>

    <group id="XDebugger.Inspect.Tree.Popup">
      <reference ref="XDebugger.Inspect"/>
      <reference ref="XDebugger.CopyValue"/>
    </group>

    <group id="RunnerLayoutActions">
      <group id="Runner.Layout" icon="/debugger/restoreLayout.png" popup="true">
        <action id="Runner.RestoreLayout" class="com.intellij.execution.ui.layout.actions.RestoreLayoutAction"/>
        <action id="Runner.ToggleToolbarLayout" class="com.intellij.execution.ui.layout.actions.ToggleToolbarLayoutAction"/>
      </group>


      <group id="Runner.View.Popup">
        <action id="Runner.MoveViewToGrid" class="com.intellij.execution.ui.layout.actions.MoveToGridAction" icon="/debugger/toGrid.png"/>
        <action id="Runner.MoveViewToTab" class="com.intellij.execution.ui.layout.actions.MoveToTabAction" icon="/debugger/toTab.png"/>
        <action id="Runner.DetachCell" class="com.intellij.execution.ui.layout.actions.DetachCellAction" icon="/debugger/detach.png"/>
        <action id="Runner.AttachCell" class="com.intellij.execution.ui.layout.actions.AttachCellAction" icon="/debugger/attach.png"/>
        <separator/>
        <group id="Runner.Focus">
          <action id="Runner.FocusOnStartup" class="com.intellij.execution.ui.actions.FocusOnStartAction"/>
        </group>
        <separator/>
        <action id="Runner.CloseView" class="com.intellij.execution.ui.layout.actions.CloseViewAction" icon="/actions/cross.png"/>
      </group>

      <group id="Runner.Layout.Focus">

      </group>

      <group id="Runner.View.Toolbar">
        <reference ref="Runner.MoveViewToGrid"/>
        <reference ref="Runner.MoveViewToTab"/>
        <reference ref="Runner.DetachCell"/>
        <reference ref="Runner.AttachCell"/>
        <reference ref="Runner.CloseView"/>
      </group>
    </group>
  </actions>
</component>
