<component xmlns:xi="http://www.w3.org/2001/XInclude">
  <actions>
    <group id="LookupActions">
      <!-- these must be declared before standard EnterAction and TabAction -->
      <action id="EditorChooseLookupItem" class="com.intellij.codeInsight.lookup.impl.actions.ChooseItemAction"/>
      <action id="EditorChooseLookupItemReplace" class="com.intellij.codeInsight.lookup.impl.actions.ChooseItemReplaceAction"/>
      <action id="EditorChooseLookupItemCompleteStatement" class="com.intellij.codeInsight.lookup.impl.actions.ChooseItemCompleteStatementAction"/>

      <action id="NextTemplateVariable" class="com.intellij.codeInsight.template.impl.actions.NextVariableAction"/>
      <action id="PreviousTemplateVariable" class="com.intellij.codeInsight.template.impl.actions.PreviousVariableAction"/>

      <action id="NextParameter" class="com.intellij.codeInsight.hint.actions.NextParameterAction"/>
      <action id="PrevParameter" class="com.intellij.codeInsight.hint.actions.PrevParameterAction"/>
    </group>

  </actions>

  <xi:include href="/idea/PlatformActions.xml" xpointer="xpointer(/component/*)"/>
  <xi:include href="/idea/VcsActions.xml" xpointer="xpointer(/component/*)"/>
  <xi:include href="/idea/LangActions.xml" xpointer="xpointer(/component/*)"/>

  <actions>
    <group id="WelcomeScreen.QuickStart.Platform">
      <action id="WelcomeScreen.OpenDirectoryProject" class="com.intellij.platform.OpenDirectoryProjectAction" icon="/general/openProject.png"/>

      <action id="WelcomeScreen.ReopenRecent" class="com.intellij.openapi.wm.impl.welcomeScreen.RecentProjectsAction"
        icon="/general/reopenRecentProject.png"/>

      <add-to-group group-id="WelcomeScreen.QuickStart" anchor="first"/>
    </group>

    <group id="PlatformOpenProjectGroup">
      <action id="OpenDirectoryProject" class="com.intellij.platform.OpenDirectoryProjectAction"/>
      <add-to-group group-id="FileOpenGroup" anchor="first"/>
    </group>
  </actions>

</component>