<?xml version="1.0" encoding="UTF-8" standalone="no"?>
<registration_data version="1.0">
   <environment>
      <hostname>unit-319</hostname>
      <hostId/>
      <osName>Windows 7</osName>
      <osVersion>6.1</osVersion>
      <osArchitecture>x86</osArchitecture>
      <systemModel>KBIBX10J</systemModel>
      <systemManufacturer>INTEL_</systemManufacturer>
      <cpuManufacturer>GenuineIntel</cpuManufacturer>
      <serialNumber>SerialNumber</serialNumber>
   </environment>
   <registry urn="urn:st:6c67e1f2-a8c4-4720-bd5d-e3dfd5edb0ca" version="1.0">
      <service_tag>
         <instance_urn>urn:st:ecf62f72-d48d-4598-a7e0-64183baca337</instance_urn>
         <product_name>Java SE 7 Runtime Environment</product_name>
         <product_version>1.7.0_17</product_version>
         <product_urn>JSERE-007-ZZZZ</product_urn>
         <product_parent_urn>urn:uuid:dc1704fe-264f-11dc-9482-080020a9ed93</product_parent_urn>
         <product_parent>Java Platform Standard Edition 7 (Java SE 7)</product_parent>
         <product_defined_inst_id>id=1.7.0_17-b02 x86,dir=C:\Program Files (x86)\Java\jre7</product_defined_inst_id>
         <product_vendor>Oracle Corporation</product_vendor>
         <platform_arch>x86</platform_arch>
         <timestamp>2013-04-16 14:01:59 GMT</timestamp>
         <container>global</container>
         <source>Windows JRE installer</source>
         <installer_uid>-1</installer_uid>
      </service_tag>
   </registry>
</registration_data>
