<?xml version="1.0" encoding="UTF-8"?>
<project version="4">
  <component name="MPSProject">
    <projectModules>
      <modulePath path="$PROJECT_DIR$/languages/langA/langA.mpl" folder="" />
      <modulePath path="$PROJECT_DIR$/languages/langB/langB.mpl" folder="" />
      <modulePath path="$PROJECT_DIR$/solutions/example.langA.sandbox/example.langA.sandbox.msd" folder="" />
      <modulePath path="$PROJECT_DIR$/solutions/example.tests/tests.msd" folder="" />
    </projectModules>
    <genConfs />
  </component>
  <component name="ProjectRootManager" version="2" />
  <component name="ProjectVersion">
    <option name="version" value="3.0" />
  </component>
</project>

