<?xml version="1.0" encoding="UTF-8"?>
<project version="4">
  <component name="BookmarksTool">
    <option name="myTreeState">
      <TreeState>
        <option name="expansion">
          <list>
            <option value="/" />
          </list>
        </option>
      </TreeState>
    </option>
  </component>
  <component name="ChangeListManager">
    <list default="true" id="f148de2e-b6ff-412f-9879-18649004146c" name="Default" comment="" />
    <ignored path="TestMPSAntTask.iws" />
    <ignored path=".idea/workspace.xml" />
    <option name="TRACKING_ENABLED" value="true" />
    <option name="SHOW_DIALOG" value="false" />
    <option name="HIGHLIGHT_CONFLICTS" value="true" />
    <option name="HIGHLIGHT_NON_ACTIVE_CHANGELIST" value="false" />
    <option name="LAST_RESOLUTION" value="IGNORE" />
  </component>
  <component name="ChangesViewManager" flattened_view="true" show_ignored="false" />
  <component name="CreatePatchCommitExecutor">
    <option name="PATCH_PATH" value="" />
  </component>
  <component name="DefaultSearchOptions2">
    <search_options>
      <option class_name="jetbrains.mps.ide.findusages.view.optionseditor.options.ViewOptions">
        <flags show_one_result="true" new_tab="false" />
      </option>
      <option class_name="jetbrains.mps.ide.findusages.view.optionseditor.options.ScopeOptions">
        <scope_type scope_type="GLOBAL" module="&lt;default&gt;" model="&lt;default&gt;" />
      </option>
    </search_options>
  </component>
  <component name="ExecutionTargetManager" SELECTED_TARGET="default_target" />
  <component name="FileEditorManager">
    <leaf>
      <file leaf-file-name="Root" pinned="false" current="false" current-in-tab="false">
        <entry file="mps://node://example.langA/example.langA.structure/Root">
          <provider selected="true" editor-type-id="MPSFileEditor">
            <state class="jetbrains.mps.ide.editorTabs.TabbedEditor$TabbedEditorState">
              <memento viewPositionX="0" viewPositionY="0">
                <selectionStack />
                <folded />
                <enabledHints />
              </memento>
              <inspectorMemento viewPositionX="0" viewPositionY="0">
                <selectionStack />
                <folded />
                <enabledHints />
              </inspectorMemento>
              <node node_ref="r:f004a17d-9d6a-4a71-a9e8-6dd49e53956f(example.langA.generator.template.main@generator)/8496404062684740887" />
            </state>
          </provider>
        </entry>
      </file>
      <file leaf-file-name="LeafElement" pinned="false" current="false" current-in-tab="false">
        <entry file="mps://node://example.langB/example.langB.structure/LeafElement">
          <provider selected="true" editor-type-id="MPSFileEditor">
            <state class="jetbrains.mps.ide.editorTabs.TabbedEditor$TabbedEditorState">
              <memento viewPositionX="0" viewPositionY="0">
                <selectionStack />
                <folded />
                <enabledHints />
              </memento>
              <inspectorMemento viewPositionX="0" viewPositionY="0">
                <selectionStack />
                <folded />
                <enabledHints />
              </inspectorMemento>
              <node node_ref="r:cabb4d6f-920a-4b8c-9a83-2662e87db053(example.langB.structure)/3337135902857493467" />
            </state>
          </provider>
        </entry>
      </file>
      <file leaf-file-name="main" pinned="false" current="false" current-in-tab="false">
        <entry file="mps://node://example.langB#3337135902857497003/example.langB.generator.template.main@generator/main">
          <provider selected="true" editor-type-id="MPSFileEditor">
            <state class="jetbrains.mps.ide.editor.BaseNodeEditor$BaseEditorState">
              <memento viewPositionX="0" viewPositionY="0">
                <selectionStack>
                  <stackElement className="jetbrains.mps.nodeEditor.selection.EditorCellLabelSelection">
                    <property name="hasNonTrivialSelection" value="false" />
                    <property name="caretXRelative" value="0" />
                    <property name="caretX" value="122" />
                    <property name="sideSelectDirection" value="NONE" />
                    <cellInfo cellId="property_name" cellNumber="0" isInList="false">
                      <node node_reference="r:21bbc6a5-4dee-484b-b310-3127ae209966(example.langB.generator.template.main@generator)/8068967866759459433" />
                    </cellInfo>
                  </stackElement>
                </selectionStack>
                <folded />
                <enabledHints />
              </memento>
              <inspectorMemento viewPositionX="0" viewPositionY="0">
                <selectionStack />
                <folded />
                <enabledHints />
              </inspectorMemento>
            </state>
          </provider>
        </entry>
      </file>
      <file leaf-file-name="ContainerElement" pinned="false" current="false" current-in-tab="false">
        <entry file="mps://node://example.langA/example.langA.structure/ContainerElement">
          <provider selected="true" editor-type-id="MPSFileEditor">
            <state class="jetbrains.mps.ide.editorTabs.TabbedEditor$TabbedEditorState">
              <memento viewPositionX="0" viewPositionY="0">
                <selectionStack />
                <folded />
                <enabledHints />
              </memento>
              <inspectorMemento viewPositionX="0" viewPositionY="0">
                <selectionStack />
                <folded />
                <enabledHints />
              </inspectorMemento>
              <node node_ref="r:f004a17d-9d6a-4a71-a9e8-6dd49e53956f(example.langA.generator.template.main@generator)/8496404062684744438" />
            </state>
          </provider>
        </entry>
      </file>
      <file leaf-file-name="RootElement" pinned="false" current="true" current-in-tab="true">
        <entry file="mps://node://example.langA/example.langA.structure/RootElement">
          <provider selected="true" editor-type-id="MPSFileEditor">
            <state class="jetbrains.mps.ide.editorTabs.TabbedEditor$TabbedEditorState">
              <memento viewPositionX="0" viewPositionY="0">
                <selectionStack />
                <folded />
                <enabledHints />
              </memento>
              <inspectorMemento viewPositionX="0" viewPositionY="0">
                <selectionStack />
                <folded />
                <enabledHints />
              </inspectorMemento>
              <node node_ref="r:f004a17d-9d6a-4a71-a9e8-6dd49e53956f(example.langA.generator.template.main@generator)/8496404062684776510" />
            </state>
          </provider>
        </entry>
      </file>
    </leaf>
  </component>
  <component name="MPSBookmarkManager">
    <option name="myBookmarkInfos">
      <array>
        <BookmarkInfo />
        <BookmarkInfo />
        <BookmarkInfo />
        <BookmarkInfo />
        <BookmarkInfo />
        <BookmarkInfo />
        <BookmarkInfo />
        <BookmarkInfo />
        <BookmarkInfo />
        <BookmarkInfo />
      </array>
    </option>
  </component>
  <component name="MessagesViewTool">
    <option name="autoscrollToSource" value="true" />
    <option name="info" value="true" />
    <option name="warnings" value="true" />
  </component>
  <component name="ProjectFrameBounds">
    <option name="width" value="1920" />
    <option name="height" value="1173" />
  </component>
  <component name="ProjectLevelVcsManager" settingsEditedManually="false">
    <OptionsSetting value="true" id="Add" />
    <OptionsSetting value="true" id="Remove" />
    <OptionsSetting value="true" id="Checkout" />
    <OptionsSetting value="true" id="Update" />
    <OptionsSetting value="true" id="Status" />
    <OptionsSetting value="true" id="Edit" />
    <ConfirmationsSetting value="0" id="Add" />
    <ConfirmationsSetting value="0" id="Remove" />
  </component>
  <component name="ProjectPluginManager">
    <option name="pluginsState">
      <option name="jetbrains.mps.baseLanguage.pluginSolution.plugin.PluginSolution_ProjectPlugin">
        <value>
          <PluginState />
        </value>
      </option>
      <option name="jetbrains.mps.execution.configurations.pluginSolution.plugin.PluginSolution_ProjectPlugin">
        <value>
          <PluginState />
        </value>
      </option>
      <option name="jetbrains.mps.ide.actions.Ide_ProjectPlugin">
        <value>
          <PluginState>
            <option name="myComponentsState">
              <list>
                <ComponentState>
                  <option name="first" value="jetbrains.mps.ide.actions.BehaviorDialogsPersistentOptions_PreferencesComponent" />
                  <params>
                    <option name="addReturnsOnImplement" value="false" />
                    <option name="sortAlphabetically" value="false" />
                    <option name="removeAttributes" value="true" />
                  </params>
                </ComponentState>
              </list>
            </option>
          </PluginState>
        </value>
      </option>
      <option name="jetbrains.mps.ide.devkit.actions.Mpsdevkit_ProjectPlugin">
        <value>
          <PluginState />
        </value>
      </option>
      <option name="jetbrains.mps.ide.modelchecker.actions.Modelchecker_ProjectPlugin">
        <value>
          <PluginState />
        </value>
      </option>
      <option name="jetbrains.mps.quickQueryLanguage.pluginSolution.plugin.PluginSolution_ProjectPlugin">
        <value>
          <PluginState />
        </value>
      </option>
      <option name="jetbrains.mps.uiLanguage.pluginSolution.plugin.PluginSolution_ProjectPlugin">
        <value>
          <PluginState />
        </value>
      </option>
    </option>
  </component>
  <component name="ProjectReloadState">
    <option name="STATE" value="0" />
  </component>
  <component name="ProjectView">
    <navigator currentView="ProjectPane" proportions="" version="1" splitterProportion="0.5">
      <flattenPackages />
      <showMembers />
      <showModules />
      <showLibraryContents />
      <hideEmptyPackages />
      <abbreviatePackageNames />
      <autoscrollToSource />
      <autoscrollFromSource />
      <sortByType />
    </navigator>
    <panes>
      <pane id="ProjectPane">
        <subPane>
          <PATH>
            <PATH_ELEMENT USER_OBJECT="Empty">
              <option name="myItemId" value="" />
              <option name="myItemType" value="" />
            </PATH_ELEMENT>
          </PATH>
          <PATH>
            <PATH_ELEMENT USER_OBJECT="Empty">
              <option name="myItemId" value="" />
              <option name="myItemType" value="" />
            </PATH_ELEMENT>
            <PATH_ELEMENT USER_OBJECT="Project">
              <option name="myItemId" value="" />
              <option name="myItemType" value="" />
            </PATH_ELEMENT>
            <PATH_ELEMENT USER_OBJECT="example.langB">
              <option name="myItemId" value="" />
              <option name="myItemType" value="" />
            </PATH_ELEMENT>
          </PATH>
          <PATH>
            <PATH_ELEMENT USER_OBJECT="Empty">
              <option name="myItemId" value="" />
              <option name="myItemType" value="" />
            </PATH_ELEMENT>
            <PATH_ELEMENT USER_OBJECT="Project">
              <option name="myItemId" value="" />
              <option name="myItemType" value="" />
            </PATH_ELEMENT>
            <PATH_ELEMENT USER_OBJECT="example.langB">
              <option name="myItemId" value="" />
              <option name="myItemType" value="" />
            </PATH_ELEMENT>
            <PATH_ELEMENT USER_OBJECT="example.langB#3337135902857497003">
              <option name="myItemId" value="" />
              <option name="myItemType" value="" />
            </PATH_ELEMENT>
            <PATH_ELEMENT USER_OBJECT="example">
              <option name="myItemId" value="" />
              <option name="myItemType" value="" />
            </PATH_ELEMENT>
            <PATH_ELEMENT USER_OBJECT="example.langB.generator.template.main">
              <option name="myItemId" value="" />
              <option name="myItemType" value="" />
            </PATH_ELEMENT>
          </PATH>
          <PATH>
            <PATH_ELEMENT USER_OBJECT="Empty">
              <option name="myItemId" value="" />
              <option name="myItemType" value="" />
            </PATH_ELEMENT>
            <PATH_ELEMENT USER_OBJECT="Project">
              <option name="myItemId" value="" />
              <option name="myItemType" value="" />
            </PATH_ELEMENT>
            <PATH_ELEMENT USER_OBJECT="example.langA">
              <option name="myItemId" value="" />
              <option name="myItemType" value="" />
            </PATH_ELEMENT>
          </PATH>
          <PATH>
            <PATH_ELEMENT USER_OBJECT="Empty">
              <option name="myItemId" value="" />
              <option name="myItemType" value="" />
            </PATH_ELEMENT>
            <PATH_ELEMENT USER_OBJECT="Project">
              <option name="myItemId" value="" />
              <option name="myItemType" value="" />
            </PATH_ELEMENT>
            <PATH_ELEMENT USER_OBJECT="example.langA">
              <option name="myItemId" value="" />
              <option name="myItemType" value="" />
            </PATH_ELEMENT>
            <PATH_ELEMENT USER_OBJECT="example.langA#8496404062684740885">
              <option name="myItemId" value="" />
              <option name="myItemType" value="" />
            </PATH_ELEMENT>
            <PATH_ELEMENT USER_OBJECT="example">
              <option name="myItemId" value="" />
              <option name="myItemType" value="" />
            </PATH_ELEMENT>
            <PATH_ELEMENT USER_OBJECT="example.langA.generator.template.main">
              <option name="myItemId" value="" />
              <option name="myItemType" value="" />
            </PATH_ELEMENT>
          </PATH>
          <PATH>
            <PATH_ELEMENT USER_OBJECT="Empty">
              <option name="myItemId" value="" />
              <option name="myItemType" value="" />
            </PATH_ELEMENT>
            <PATH_ELEMENT USER_OBJECT="Project">
              <option name="myItemId" value="" />
              <option name="myItemType" value="" />
            </PATH_ELEMENT>
          </PATH>
          <PATH>
            <PATH_ELEMENT USER_OBJECT="Empty">
              <option name="myItemId" value="" />
              <option name="myItemType" value="" />
            </PATH_ELEMENT>
            <PATH_ELEMENT USER_OBJECT="Project">
              <option name="myItemId" value="" />
              <option name="myItemType" value="" />
            </PATH_ELEMENT>
            <PATH_ELEMENT USER_OBJECT="example.langA.sandbox">
              <option name="myItemId" value="" />
              <option name="myItemType" value="" />
            </PATH_ELEMENT>
            <PATH_ELEMENT USER_OBJECT="example">
              <option name="myItemId" value="" />
              <option name="myItemType" value="" />
            </PATH_ELEMENT>
            <PATH_ELEMENT USER_OBJECT="example.langA.sandbox.sandbox">
              <option name="myItemId" value="" />
              <option name="myItemType" value="" />
            </PATH_ELEMENT>
          </PATH>
        </subPane>
      </pane>
      <pane id="FileSystem" />
      <pane id="Favorites" />
    </panes>
  </component>
  <component name="PropertiesComponent">
    <property name="GoToFile.includeJavaFiles" value="false" />
    <property name="GoToClass.toSaveIncludeLibraries" value="false" />
    <property name="options.splitter.main.proportions" value="0.3" />
    <property name="options.lastSelected" value="jetbrains.mps.library.LibraryManager" />
    <property name="MemberChooser.sorted" value="false" />
    <property name="last_opened_file_path" value="$PROJECT_DIR$/TestMPSAntTask.mpr" />
    <property name="MemberChooser.showClasses" value="true" />
    <property name="GoToClass.includeLibraries" value="false" />
    <property name="options.searchVisible" value="true" />
    <property name="options.splitter.details.proportions" value="0.2" />
    <property name="MemberChooser.copyJavadoc" value="false" />
  </component>
  <component name="RunManager">
    <configuration default="true" type="JUnit Tests" factoryName="JUnit Tests">
      <MyState>
        <option name="myModel" />
        <option name="myModule" />
        <option name="myTestCases">
          <list />
        </option>
        <option name="myTestMethods">
          <list />
        </option>
        <option name="myRunType" />
      </MyState>
      <myJUnitSettings>
        <MyState>
          <option name="myModel" />
          <option name="myModule" />
          <option name="myTestCases">
            <list />
          </option>
          <option name="myTestMethods">
            <list />
          </option>
          <option name="myRunType" />
        </MyState>
      </myJUnitSettings>
      <myJavaRunParameters>
        <MyState>
          <option name="myJavaRunParameters">
            <JavaRunParameters>
              <option name="jrePath" />
              <option name="programParameters" />
              <option name="useAlternativeJre" value="false" />
              <option name="vmOptions" />
              <option name="workingDirectory" />
            </JavaRunParameters>
          </option>
        </MyState>
      </myJavaRunParameters>
      <method />
    </configuration>
    <list size="0" />
    <configuration name="&lt;template&gt;" type="Application" default="true" selected="false">
      <option name="MAIN_CLASS_NAME" />
      <option name="VM_PARAMETERS" />
      <option name="PROGRAM_PARAMETERS" />
      <option name="WORKING_DIRECTORY" value="$PROJECT_DIR$" />
    </configuration>
    <configuration name="&lt;template&gt;" type="Applet" default="true" selected="false">
      <option name="MAIN_CLASS_NAME" />
      <option name="HTML_FILE_NAME" />
      <option name="HTML_USED" value="false" />
      <option name="WIDTH" value="400" />
      <option name="HEIGHT" value="300" />
      <option name="POLICY_FILE" value="$APPLICATION_HOME_DIR$/bin/appletviewer.policy" />
      <option name="VM_PARAMETERS" />
    </configuration>
    <configuration name="&lt;template&gt;" type="WebApp" default="true" selected="false">
      <Host>localhost</Host>
      <Port>5050</Port>
    </configuration>
  </component>
  <component name="ShelveChangesManager" show_recycled="false" />
  <component name="SvnConfiguration" maxAnnotateRevisions="500" myUseAcceleration="nothing" myAutoUpdateAfterCommit="false" cleanupOnStartRun="false" SSL_PROTOCOLS="sslv3">
    <option name="USER" value="" />
    <option name="PASSWORD" value="" />
    <option name="mySSHConnectionTimeout" value="30000" />
    <option name="mySSHReadTimeout" value="30000" />
    <option name="LAST_MERGED_REVISION" />
    <option name="MERGE_DRY_RUN" value="false" />
    <option name="MERGE_DIFF_USE_ANCESTRY" value="true" />
    <option name="UPDATE_LOCK_ON_DEMAND" value="false" />
    <option name="IGNORE_SPACES_IN_MERGE" value="false" />
    <option name="CHECK_NESTED_FOR_QUICK_MERGE" value="false" />
    <option name="IGNORE_SPACES_IN_ANNOTATE" value="true" />
    <option name="SHOW_MERGE_SOURCES_IN_ANNOTATE" value="true" />
    <option name="FORCE_UPDATE" value="false" />
    <option name="IGNORE_EXTERNALS" value="false" />
    <configuration useDefault="true">$USER_HOME$/.subversion</configuration>
    <myIsUseDefaultProxy>false</myIsUseDefaultProxy>
  </component>
  <component name="ToolWindowManager">
    <frame x="0" y="0" width="1920" height="1173" extended-state="0" />
    <editor active="false" />
    <layout>
      <window_info id="Changes" active="false" anchor="bottom" auto_hide="false" internal_type="DOCKED" type="DOCKED" visible="false" weight="0.33" sideWeight="0.5" order="7" side_tool="false" content_ui="tabs" />
      <window_info id="Usages" active="false" anchor="bottom" auto_hide="false" internal_type="DOCKED" type="DOCKED" visible="true" weight="0.3291367" sideWeight="0.5" order="7" side_tool="false" content_ui="tabs" />
      <window_info id="Dependendies Viewer" active="false" anchor="bottom" auto_hide="false" internal_type="DOCKED" type="DOCKED" visible="false" weight="0.33" sideWeight="0.5" order="7" side_tool="false" content_ui="tabs" />
      <window_info id="Supertypes" active="false" anchor="right" auto_hide="false" internal_type="DOCKED" type="DOCKED" visible="false" weight="0.33" sideWeight="0.5" order="3" side_tool="false" content_ui="tabs" />
      <window_info id="Output" active="false" anchor="bottom" auto_hide="false" internal_type="DOCKED" type="DOCKED" visible="false" weight="0.32931355" sideWeight="0.4976744" order="7" side_tool="false" content_ui="tabs" />
      <window_info id="Event Log" active="false" anchor="bottom" auto_hide="false" internal_type="DOCKED" type="DOCKED" visible="false" weight="0.33" sideWeight="0.5" order="8" side_tool="true" content_ui="tabs" />
      <window_info id="Model Repository Viewer" active="false" anchor="bottom" auto_hide="false" internal_type="DOCKED" type="DOCKED" visible="false" weight="0.33" sideWeight="0.5" order="7" side_tool="false" content_ui="tabs" />
      <window_info id="Migration" active="false" anchor="bottom" auto_hide="false" internal_type="DOCKED" type="DOCKED" visible="false" weight="0.33" sideWeight="0.5" order="7" side_tool="false" content_ui="tabs" />
      <window_info id="Version Control" active="false" anchor="bottom" auto_hide="false" internal_type="DOCKED" type="DOCKED" visible="false" weight="0.33" sideWeight="0.5" order="7" side_tool="false" content_ui="tabs" />
      <window_info id="Replacement" active="false" anchor="bottom" auto_hide="false" internal_type="DOCKED" type="DOCKED" visible="false" weight="0.33" sideWeight="0.5" order="7" side_tool="false" content_ui="tabs" />
      <window_info id="Model Checker" active="false" anchor="bottom" auto_hide="false" internal_type="DOCKED" type="DOCKED" visible="false" weight="0.32931355" sideWeight="0.4950166" order="7" side_tool="false" content_ui="tabs" />
      <window_info id="Module Repository Viewer" active="false" anchor="bottom" auto_hide="false" internal_type="DOCKED" type="DOCKED" visible="false" weight="0.33" sideWeight="0.5" order="7" side_tool="false" content_ui="tabs" />
      <window_info id="TODO" active="false" anchor="bottom" auto_hide="false" internal_type="DOCKED" type="DOCKED" visible="false" weight="0.33" sideWeight="0.5" order="6" side_tool="false" content_ui="tabs" />
      <window_info id="Bookmarks" active="false" anchor="bottom" auto_hide="false" internal_type="DOCKED" type="DOCKED" visible="false" weight="0.33" sideWeight="0.5" order="9" side_tool="false" content_ui="tabs" />
      <window_info id="Generation Tracer" active="false" anchor="bottom" auto_hide="false" internal_type="DOCKED" type="DOCKED" visible="false" weight="0.3283859" sideWeight="0.49036545" order="7" side_tool="false" content_ui="tabs" />
      <window_info id="Project" active="true" anchor="left" auto_hide="false" internal_type="DOCKED" type="DOCKED" visible="true" weight="0.24921794" sideWeight="0.67086333" order="0" side_tool="false" content_ui="combo" />
      <window_info id="Run" active="false" anchor="bottom" auto_hide="false" internal_type="DOCKED" type="DOCKED" visible="false" weight="0.33" sideWeight="0.5" order="2" side_tool="false" content_ui="tabs" />
      <window_info id="Hierarchy" active="false" anchor="right" auto_hide="false" internal_type="DOCKED" type="DOCKED" visible="false" weight="0.25" sideWeight="0.5" order="2" side_tool="false" content_ui="combo" />
      <window_info id="Classpath Explorer" active="false" anchor="bottom" auto_hide="false" internal_type="DOCKED" type="DOCKED" visible="false" weight="0.33" sideWeight="0.5" order="7" side_tool="false" content_ui="tabs" />
      <window_info id="RefactoringView" active="false" anchor="bottom" auto_hide="false" internal_type="DOCKED" type="DOCKED" visible="false" weight="0.33" sideWeight="0.5" order="7" side_tool="false" content_ui="tabs" />
      <window_info id="Inspector" active="false" anchor="bottom" auto_hide="false" internal_type="DOCKED" type="DOCKED" visible="true" weight="0.3291367" sideWeight="0.5" order="7" side_tool="true" content_ui="tabs" />
      <window_info id="Node Explorer" active="false" anchor="bottom" auto_hide="false" internal_type="DOCKED" type="DOCKED" visible="false" weight="0.33" sideWeight="0.5" order="7" side_tool="false" content_ui="tabs" />
      <window_info id="Typesystem Trace" active="false" anchor="right" auto_hide="false" internal_type="DOCKED" type="DOCKED" visible="false" weight="0.33" sideWeight="0.5" order="3" side_tool="false" content_ui="tabs" />
      <window_info id="Typechecker State" active="false" anchor="bottom" auto_hide="false" internal_type="DOCKED" type="DOCKED" visible="false" weight="0.33" sideWeight="0.5" order="7" side_tool="false" content_ui="tabs" />
      <window_info id="Debug" active="false" anchor="bottom" auto_hide="false" internal_type="DOCKED" type="DOCKED" visible="false" weight="0.4" sideWeight="0.5" order="3" side_tool="false" content_ui="tabs" />
      <window_info id="Messages" active="false" anchor="bottom" auto_hide="false" internal_type="DOCKED" type="DOCKED" visible="false" weight="0.3283859" sideWeight="0.6518272" order="7" side_tool="false" content_ui="tabs" />
      <window_info id="Structure" active="false" anchor="left" auto_hide="false" internal_type="DOCKED" type="DOCKED" visible="false" weight="0.25" sideWeight="0.5" order="1" side_tool="true" content_ui="tabs" />
      <window_info id="Module Dependencies" active="false" anchor="bottom" auto_hide="false" internal_type="DOCKED" type="DOCKED" visible="false" weight="0.33" sideWeight="0.5" order="8" side_tool="false" content_ui="tabs" />
      <window_info id="Class Hierarchy" active="false" anchor="right" auto_hide="false" internal_type="DOCKED" type="DOCKED" visible="false" weight="0.33" sideWeight="0.5" order="3" side_tool="false" content_ui="tabs" />
      <window_info id="Cell Explorer" active="false" anchor="bottom" auto_hide="false" internal_type="DOCKED" type="DOCKED" visible="false" weight="0.33" sideWeight="0.5" order="7" side_tool="false" content_ui="tabs" />
      <window_info id="Ant Build" active="false" anchor="right" auto_hide="false" internal_type="DOCKED" type="DOCKED" visible="false" weight="0.25" sideWeight="0.5" order="1" side_tool="false" content_ui="tabs" />
      <window_info id="Module Dependency Viewer" active="false" anchor="bottom" auto_hide="false" internal_type="DOCKED" type="DOCKED" visible="false" weight="0.33" sideWeight="0.5" order="7" side_tool="false" content_ui="tabs" />
      <window_info id="Cvs" active="false" anchor="bottom" auto_hide="false" internal_type="DOCKED" type="DOCKED" visible="false" weight="0.25" sideWeight="0.5" order="4" side_tool="false" content_ui="tabs" />
      <window_info id="Message" active="false" anchor="bottom" auto_hide="false" internal_type="DOCKED" type="DOCKED" visible="false" weight="0.33" sideWeight="0.5" order="0" side_tool="false" content_ui="tabs" />
      <window_info id="Find" active="false" anchor="bottom" auto_hide="false" internal_type="DOCKED" type="DOCKED" visible="false" weight="0.33" sideWeight="0.5" order="1" side_tool="false" content_ui="tabs" />
      <window_info id="Commander" active="false" anchor="right" auto_hide="false" internal_type="DOCKED" type="DOCKED" visible="false" weight="0.4" sideWeight="0.5" order="0" side_tool="false" content_ui="tabs" />
      <window_info id="Dependency Viewer" active="false" anchor="bottom" auto_hide="false" internal_type="DOCKED" type="DOCKED" visible="false" weight="0.33" sideWeight="0.5" order="7" side_tool="false" content_ui="tabs" />
      <window_info id="Inspection" active="false" anchor="bottom" auto_hide="false" internal_type="DOCKED" type="DOCKED" visible="false" weight="0.4" sideWeight="0.5" order="5" side_tool="false" content_ui="tabs" />
    </layout>
  </component>
  <component name="UsagesViewTool">
    <version id="0.9997" />
    <tabs>
      <tab>
        <usage_view>
          <buttons rerun="true" rebuild="true" close="true" />
          <result_provider class_name="jetbrains.mps.ide.findusages.findalgorithm.resultproviders.treenodes.UnionNode">
            <children>
              <jetbrains.mps.ide.findusages.findalgorithm.resultproviders.treenodes.FinderNode>
                <children />
                <finder class_name="jetbrains.mps.ide.ui.finders.LanguageUsagesFinder" />
              </jetbrains.mps.ide.findusages.findalgorithm.resultproviders.treenodes.FinderNode>
            </children>
          </result_provider>
          <query>
            <scope scope_class="jetbrains.mps.smodel.ModelsOnlyScope">
              <model model_id="example.langB.generator.template.main@generator" />
            </scope>
            <holder holder_class="jetbrains.mps.ide.findusages.model.holders.ModuleHolder" uid="jetbrains.mps.gtext" />
          </query>
          <tree_wrapper>
            <node_representator />
            <view_options>
              <options category_option="false" module_option="true" model_option="true" root_option="true" path_option="false" count_option="true" info_option="true" view_searched_nodes_option="true" group_searched_nodes_option="true" autoscroll_option="false" />
            </view_options>
            <contents>
              <data data_class="jetbrains.mps.ide.findusages.view.treeholder.tree.nodedatatypes.MainNodeData" caption="" info="" excluded="false" expanded="true" isresult="false" results_section="false">
                <role name="main root" />
              </data>
              <children>
                <child>
                  <data data_class="jetbrains.mps.ide.findusages.view.treeholder.tree.nodedatatypes.SearchedNodesNodeData" caption="Searched nodes" info="" excluded="false" expanded="true" isresult="false" results_section="false">
                    <role name="searched nodes" />
                  </data>
                  <children>
                    <child>
                      <data data_class="jetbrains.mps.ide.findusages.view.treeholder.tree.nodedatatypes.CategoryNodeData" caption="&lt;b&gt;Searched nodes&lt;/b&gt;" info="" excluded="false" expanded="true" isresult="false" results_section="false" category="Searched nodes" category_kind="Category">
                        <role name="category:Category" />
                      </data>
                      <children>
                        <child>
                          <data data_class="jetbrains.mps.ide.findusages.view.treeholder.tree.nodedatatypes.ModuleNodeData" caption="jetbrains.mps.gtext" info="" excluded="false" expanded="true" isresult="true" results_section="false" module_ref="a83c3bd0-2f7e-4ba1-8373-12d49e99f57e(jetbrains.mps.gtext)">
                            <role name="module" />
                          </data>
                          <children />
                        </child>
                      </children>
                    </child>
                  </children>
                </child>
                <child>
                  <data data_class="jetbrains.mps.ide.findusages.view.treeholder.tree.nodedatatypes.ResultsNodeData" caption="results" info="" excluded="false" expanded="true" isresult="false" results_section="false">
                    <role name="results" />
                  </data>
                  <children />
                </child>
              </children>
            </contents>
          </tree_wrapper>
        </usage_view>
        <usage_view_options />
      </tab>
    </tabs>
    <default_view_options>
      <options category_option="false" module_option="true" model_option="true" root_option="true" path_option="false" count_option="true" info_option="true" view_searched_nodes_option="true" group_searched_nodes_option="true" autoscroll_option="false" />
    </default_view_options>
  </component>
  <component name="VcsContentAnnotationSettings">
    <option name="myLimit" value="2678400000" />
  </component>
  <component name="VcsManagerConfiguration">
    <option name="OFFER_MOVE_TO_ANOTHER_CHANGELIST_ON_PARTIAL_COMMIT" value="true" />
    <option name="CHECK_CODE_SMELLS_BEFORE_PROJECT_COMMIT" value="true" />
    <option name="CHECK_NEW_TODO" value="true" />
    <option name="myTodoPanelSettings">
      <value>
        <are-packages-shown value="false" />
        <are-modules-shown value="false" />
        <flatten-packages value="false" />
        <is-autoscroll-to-source value="false" />
      </value>
    </option>
    <option name="PERFORM_UPDATE_IN_BACKGROUND" value="true" />
    <option name="PERFORM_COMMIT_IN_BACKGROUND" value="true" />
    <option name="PERFORM_EDIT_IN_BACKGROUND" value="true" />
    <option name="PERFORM_CHECKOUT_IN_BACKGROUND" value="true" />
    <option name="PERFORM_ADD_REMOVE_IN_BACKGROUND" value="true" />
    <option name="PERFORM_ROLLBACK_IN_BACKGROUND" value="false" />
    <option name="CHECK_LOCALLY_CHANGED_CONFLICTS_IN_BACKGROUND" value="false" />
    <option name="CHANGED_ON_SERVER_INTERVAL" value="60" />
    <option name="SHOW_ONLY_CHANGED_IN_SELECTION_DIFF" value="true" />
    <option name="CHECK_COMMIT_MESSAGE_SPELLING" value="true" />
    <option name="DEFAULT_PATCH_EXTENSION" value="patch" />
    <option name="SHORT_DIFF_HORIZONTALLY" value="true" />
    <option name="SHORT_DIFF_EXTRA_LINES" value="2" />
    <option name="SOFT_WRAPS_IN_SHORT_DIFF" value="true" />
    <option name="INCLUDE_TEXT_INTO_PATCH" value="false" />
    <option name="INCLUDE_TEXT_INTO_SHELF" value="false" />
    <option name="SHOW_FILE_HISTORY_DETAILS" value="true" />
    <option name="SHOW_VCS_ERROR_NOTIFICATIONS" value="true" />
    <option name="SHOW_DIRTY_RECURSIVELY" value="false" />
    <option name="LIMIT_HISTORY" value="true" />
    <option name="MAXIMUM_HISTORY_ROWS" value="1000" />
    <option name="UPDATE_FILTER_SCOPE_NAME" />
    <option name="USE_COMMIT_MESSAGE_MARGIN" value="false" />
    <option name="COMMIT_MESSAGE_MARGIN_SIZE" value="72" />
    <option name="WRAP_WHEN_TYPING_REACHES_RIGHT_MARGIN" value="false" />
    <option name="FORCE_NON_EMPTY_COMMENT" value="false" />
    <option name="CLEAR_INITIAL_COMMIT_MESSAGE" value="false" />
    <option name="LAST_COMMIT_MESSAGE" />
    <option name="MAKE_NEW_CHANGELIST_ACTIVE" value="true" />
    <option name="OPTIMIZE_IMPORTS_BEFORE_PROJECT_COMMIT" value="false" />
    <option name="CHECK_FILES_UP_TO_DATE_BEFORE_COMMIT" value="false" />
    <option name="REFORMAT_BEFORE_PROJECT_COMMIT" value="false" />
    <option name="REFORMAT_BEFORE_FILE_COMMIT" value="false" />
    <option name="FILE_HISTORY_DIALOG_COMMENTS_SPLITTER_PROPORTION" value="0.8" />
    <option name="FILE_HISTORY_DIALOG_SPLITTER_PROPORTION" value="0.5" />
    <option name="ACTIVE_VCS_NAME" />
    <option name="UPDATE_GROUP_BY_PACKAGES" value="false" />
    <option name="UPDATE_GROUP_BY_CHANGELIST" value="false" />
    <option name="UPDATE_FILTER_BY_SCOPE" value="false" />
    <option name="SHOW_FILE_HISTORY_AS_TREE" value="false" />
    <option name="FILE_HISTORY_SPLITTER_PROPORTION" value="0.6" />
  </component>
  <component name="editorHistoryManager">
    <entry file="mps://node://example.tests/example.tests.tests@tests/Test1_Test">
      <provider selected="true" editor-type-id="MPSFileEditor">
        <state class="jetbrains.mps.ide.editor.BaseNodeEditor$BaseEditorState">
          <memento viewPositionX="0" viewPositionY="0">
            <selectionStack>
              <stackElement className="jetbrains.mps.nodeEditor.selection.EditorCellLabelSelection">
                <property name="hasNonTrivialSelection" value="false" />
                <property name="caretXRelative" value="0" />
                <property name="caretX" value="91" />
                <property name="sideSelectDirection" value="NONE" />
                <cellInfo cellId="property_testCaseName" cellNumber="0" isInList="false">
                  <node node_reference="r:20deb64f-9506-4e26-84cf-877e2da26d93(example.tests.tests@tests)/3613214318897425346" />
                </cellInfo>
              </stackElement>
            </selectionStack>
            <folded />
            <enabledHints />
          </memento>
          <inspectorMemento viewPositionX="0" viewPositionY="0">
            <selectionStack />
            <folded />
            <enabledHints />
          </inspectorMemento>
        </state>
      </provider>
    </entry>
    <entry file="mps://node://example.langA.sandbox/example.langA.sandbox.sandbox/ROOT">
      <provider selected="true" editor-type-id="MPSFileEditor">
        <state class="jetbrains.mps.ide.editor.BaseNodeEditor$BaseEditorState">
          <memento viewPositionX="0" viewPositionY="0">
            <selectionStack>
              <stackElement className="jetbrains.mps.nodeEditor.selection.EditorCellLabelSelection">
                <property name="hasNonTrivialSelection" value="false" />
                <property name="caretXRelative" value="16" />
                <property name="caretX" value="227" />
                <property name="sideSelectDirection" value="NONE" />
                <cellInfo cellId="property_name" cellNumber="0" isInList="false">
                  <node node_reference="r:589cb677-8cfb-405e-aa6c-98070019f224(example.langA.sandbox.sandbox)/3337135902857539787" />
                </cellInfo>
              </stackElement>
            </selectionStack>
            <folded />
            <enabledHints />
          </memento>
          <inspectorMemento viewPositionX="0" viewPositionY="0">
            <selectionStack />
            <folded />
            <enabledHints />
          </inspectorMemento>
        </state>
      </provider>
    </entry>
    <entry file="mps://node://example.langB#3337135902857497003/example.langB.generator.template.main@generator/main">
      <provider selected="true" editor-type-id="MPSFileEditor">
        <state class="jetbrains.mps.ide.editor.BaseNodeEditor$BaseEditorState">
          <memento viewPositionX="0" viewPositionY="0">
            <selectionStack>
              <stackElement className="jetbrains.mps.nodeEditor.selection.EditorCellLabelSelection">
                <property name="hasNonTrivialSelection" value="false" />
                <property name="caretXRelative" value="0" />
                <property name="caretX" value="122" />
                <property name="sideSelectDirection" value="NONE" />
                <cellInfo cellId="property_name" cellNumber="0" isInList="false">
                  <node node_reference="r:21bbc6a5-4dee-484b-b310-3127ae209966(example.langB.generator.template.main@generator)/8068967866759459433" />
                </cellInfo>
              </stackElement>
            </selectionStack>
            <folded />
            <enabledHints />
          </memento>
          <inspectorMemento viewPositionX="0" viewPositionY="0">
            <selectionStack />
            <folded />
            <enabledHints />
          </inspectorMemento>
        </state>
      </provider>
    </entry>
    <entry file="mps://node://example.langB/example.langB.structure/LeafElement">
      <provider selected="true" editor-type-id="MPSFileEditor">
        <state class="jetbrains.mps.ide.editorTabs.TabbedEditor$TabbedEditorState">
          <memento viewPositionX="0" viewPositionY="0">
            <selectionStack />
            <folded />
            <enabledHints />
          </memento>
          <inspectorMemento viewPositionX="0" viewPositionY="0">
            <selectionStack />
            <folded />
            <enabledHints />
          </inspectorMemento>
          <node node_ref="r:cabb4d6f-920a-4b8c-9a83-2662e87db053(example.langB.structure)/3337135902857493467" />
        </state>
      </provider>
    </entry>
    <entry file="mps://node://example.langA/example.langA.structure/ContainerElement">
      <provider selected="true" editor-type-id="MPSFileEditor">
        <state class="jetbrains.mps.ide.editorTabs.TabbedEditor$TabbedEditorState">
          <memento viewPositionX="0" viewPositionY="0">
            <selectionStack />
            <folded />
            <enabledHints />
          </memento>
          <inspectorMemento viewPositionX="0" viewPositionY="0">
            <selectionStack />
            <folded />
            <enabledHints />
          </inspectorMemento>
          <node node_ref="r:f004a17d-9d6a-4a71-a9e8-6dd49e53956f(example.langA.generator.template.main@generator)/8496404062684744438" />
        </state>
      </provider>
    </entry>
    <entry file="mps://node://example.langA/example.langA.structure/Root">
      <provider selected="true" editor-type-id="MPSFileEditor">
        <state class="jetbrains.mps.ide.editorTabs.TabbedEditor$TabbedEditorState">
          <memento viewPositionX="0" viewPositionY="0">
            <selectionStack />
            <folded />
            <enabledHints />
          </memento>
          <inspectorMemento viewPositionX="0" viewPositionY="0">
            <selectionStack />
            <folded />
            <enabledHints />
          </inspectorMemento>
          <node node_ref="r:f004a17d-9d6a-4a71-a9e8-6dd49e53956f(example.langA.generator.template.main@generator)/8496404062684740887" />
        </state>
      </provider>
    </entry>
    <entry file="mps://node://example.langA/example.langA.structure/RootElement">
      <provider selected="true" editor-type-id="MPSFileEditor">
        <state class="jetbrains.mps.ide.editorTabs.TabbedEditor$TabbedEditorState">
          <memento viewPositionX="0" viewPositionY="0">
            <selectionStack />
            <folded />
            <enabledHints />
          </memento>
          <inspectorMemento viewPositionX="0" viewPositionY="0">
            <selectionStack />
            <folded />
            <enabledHints />
          </inspectorMemento>
          <node node_ref="r:f004a17d-9d6a-4a71-a9e8-6dd49e53956f(example.langA.generator.template.main@generator)/8496404062684776510" />
        </state>
      </provider>
    </entry>
  </component>
</project>

