<component name="DefaultColorSchemesManager">
  <scheme name="Default" default_scheme="true" version="1">
    <option name="LINE_SPACING" value="1.0"/>
    <option name="EDITOR_FONT_SIZE" value="12"/>
    <option name="EDITOR_FONT_NAME" value="Monospaced"/>

    <colors>

      <option name="SELECTION_BACKGROUND" value="526da5"/>
      <option name="CARET_ROW_COLOR" value="ffffd7"/>
      <option name="METHOD_SEPARATORS_COLOR" value="c0c0c0"/>
      <option name="WHITESPACES" value="c5c5c5"/>
      <option name="SELECTION_FOREGROUND" value="ffffff"/>
      <option name="LINE_NUMBERS_COLOR" value="800000"/>
      <option name="ANNOTATIONS_COLOR" value="000080" />
      <option name="CARET_COLOR" value="0"/>
      <option name="RIGHT_MARGIN_COLOR" value="c0c0c0"/>
      <option name="FOLDING_TREE_COLOR" value="808080"/>
      <option name="SELECTED_FOLDING_TREE_COLOR" value="000000"/>
      <option name="READONLY_FRAGMENT_BACKGROUND" value="cfe7ff"/>

      <option name="ADDED_LINES_COLOR" value="edfced"/>
      <option name="MODIFIED_LINES_COLOR" value="fcf2f2"/>

      <option name="LINE_FULL_COVERAGE" value="ccffcc"/>
      <option name="LINE_PARTIAL_COVERAGE" value="ffffcc"/>
      <option name="LINE_NONE_COVERAGE" value="ffcccc"/>
    </colors>

    <attributes>

      <option name="JAVA_STRING">
        <value>
          <option name="FOREGROUND" value="008000"/>
          <option name="BACKGROUND"/>
          <option name="EFFECT_COLOR"/>
          <option name="FONT_TYPE" value="1"/>
        </value>
      </option>
      <option name="JAVA_INVALID_STRING_ESCAPE">
        <value>
          <option name="FOREGROUND" value="008000"/>
          <option name="BACKGROUND" value="ffcccc"/>
          <option name="EFFECT_COLOR"/>
        </value>
      </option>
      <option name="JAVA_VALID_STRING_ESCAPE">
        <value>
          <option name="FOREGROUND" value="000080"/>
          <option name="BACKGROUND"/>
          <option name="EFFECT_COLOR"/>
          <option name="FONT_TYPE" value="1"/>
        </value>
      </option>
      <option name="JAVA_OPERATION_SIGN">
        <value>
          <option name="FOREGROUND"/>
          <option name="BACKGROUND"/>
          <option name="EFFECT_COLOR"/>
        </value>
      </option>
      <option name="JAVA_PARENTH">
        <value>
          <option name="FOREGROUND"/>
          <option name="BACKGROUND"/>
          <option name="EFFECT_COLOR"/>
        </value>
      </option>
      <option name="JAVA_BRACKETS">
        <value>
          <option name="FOREGROUND"/>
          <option name="BACKGROUND"/>
          <option name="EFFECT_COLOR"/>
        </value>
      </option>
      <option name="JAVA_BRACES">
        <value>
          <option name="FOREGROUND"/>
          <option name="BACKGROUND"/>
          <option name="EFFECT_COLOR"/>
        </value>
      </option>
      <option name="JAVA_COMMA">
        <value>
          <option name="FOREGROUND"/>
          <option name="BACKGROUND"/>
          <option name="EFFECT_COLOR"/>
        </value>
      </option>
      <option name="JAVA_DOT">
        <value>
          <option name="FOREGROUND"/>
          <option name="BACKGROUND"/>
          <option name="EFFECT_COLOR"/>
        </value>
      </option>
      <option name="JAVA_SEMICOLON">
        <value>
          <option name="FOREGROUND"/>
          <option name="BACKGROUND"/>
          <option name="EFFECT_COLOR"/>
        </value>
      </option>

      <option name="FOLDED_TEXT_ATTRIBUTES">
        <value>
          <option name="FOREGROUND" value="c3c3c3"/>
          <option name="BACKGROUND" value="f0f0f0"/>
          <option name="EFFECT_COLOR"/>
          <option name="FONT_TYPE" value="1"/>
          <option name="EFFECT_TYPE" value="1"/>
        </value>
      </option>

      <option name="JAVA_DOC_MARKUP">
        <value>
          <option name="FOREGROUND"/>
          <option name="BACKGROUND" value="e2ffe2"/>
          <option name="EFFECT_COLOR"/>
        </value>
      </option>

      <option name="JAVADOC_WRONG_REFERENCES_ATTRIBUTES">
        <value>
          <option name="FOREGROUND" value="ff0000"/>
          <option name="BACKGROUND"/>
          <option name="EFFECT_COLOR"/>
        </value>
      </option>

      <option name="JAVADOC_ERRORS_ATTRIBUTES">
        <value>
          <option name="FOREGROUND"/>
          <option name="BACKGROUND"/>
          <option name="EFFECT_COLOR" value="ff0000"/>
          <option name="EFFECT_TYPE" value="2"/>
        </value>
      </option>


      <option name="WRONG_REFERENCES_ATTRIBUTES">
        <value>
          <option name="FOREGROUND" value="ff0000"/>
          <option name="BACKGROUND"/>
          <option name="EFFECT_COLOR"/>
        </value>
      </option>

      <option name="ERRORS_ATTRIBUTES">
        <value>
          <option name="FOREGROUND"/>
          <option name="BACKGROUND"/>
          <option name="EFFECT_COLOR" value="ff0000"/>
          <option name="EFFECT_TYPE" value="2"/>
          <option name="ERROR_STRIPE_COLOR" value="ff0000" />
        </value>
      </option>
      <option name="BLINKING_HIGHLIGHTS_ATTRIBUTES">
        <value>
          <option name="FOREGROUND"/>
          <option name="BACKGROUND"/>
          <option name="EFFECT_COLOR" value="808080"/>
          <option name="EFFECT_TYPE" value="0"/>
        </value>
      </option>
      <option name="HYPERLINK_ATTRIBUTES">
        <value>
          <option name="FOREGROUND" value="0000ff"/>
          <option name="BACKGROUND"/>
          <option name="EFFECT_COLOR" value="0000ff"/>
          <option name="EFFECT_TYPE" value="1"/>
          <option name="FONT_TYPE" value="2"/>
        </value>
      </option>
      <option name="FOLLOWED_HYPERLINK_ATTRIBUTES">
        <value>
          <option name="FOREGROUND" value="0000ff"/>
          <option name="BACKGROUND" value="e9e9e9"/>
          <option name="EFFECT_COLOR" value="0000ff"/>
          <option name="EFFECT_TYPE" value="1"/>
          <option name="FONT_TYPE" value="2"/>
        </value>
      </option>
      <option name="INFORMATION_ATTRIBUTES">
        <value>
          <option name="FOREGROUND"/>
          <option name="BACKGROUND"/>
          <option name="EFFECT_COLOR"/>
          <option name="EFFECT_TYPE"/>
        </value>
      </option>
      <option name="WARNING_ATTRIBUTES">
        <value>
          <option name="FOREGROUND"/>
          <option name="BACKGROUND" value="f6ebbc"/>
          <option name="EFFECT_COLOR"/>
          <option name="EFFECT_TYPE" value="1"/>
          <option name="ERROR_STRIPE_COLOR" value="ffff00" />
        </value>
      </option>
      <option name="GENERIC_SERVER_ERROR_OR_WARNING">
        <value>
          <option name="FOREGROUND"/>
          <option name="BACKGROUND"/>
          <option name="EFFECT_COLOR" value="f49810"/>
          <option name="EFFECT_TYPE" value="2"/>
          <option name="ERROR_STRIPE_COLOR" value="f49810" />
        </value>
      </option>
      <option name="DUPLICATE_FROM_SERVER">
        <value>
          <option name="FOREGROUND"/>
          <option name="BACKGROUND" value="f5f7f0"/>
          <option name="EFFECT_COLOR"/>
          <option name="EFFECT_TYPE"/>
          <option name="ERROR_STRIPE_COLOR"/>
        </value>
      </option>
      <option name="INFO_ATTRIBUTES">
        <value>
          <option name="FOREGROUND"/>
          <option name="BACKGROUND"/>
          <option name="EFFECT_COLOR" value="cccccc"/>
          <option name="EFFECT_TYPE" value="2"/>
          <option name="ERROR_STRIPE_COLOR" value="ffffcc" />
        </value>
      </option>
      <option name="EJB_ERROR_ATTRIBUTES">
        <value>
          <option name="FOREGROUND"/>
          <option name="BACKGROUND"/>
          <option name="EFFECT_COLOR" value="ff0000"/>
          <option name="EFFECT_TYPE" value="2"/>
        </value>
      </option>

      <option name="EJB_WARNING_ATTRIBUTES">
        <value>
          <option name="FOREGROUND"/>
          <option name="BACKGROUND"/>
          <option name="EFFECT_COLOR" value="f6ebbc"/>
          <option name="EFFECT_TYPE" value="1"/>
        </value>
      </option>

      <option name="SUSPICIOUS_METHOD_NAME_ATTRIBUTES">
        <value>
          <option name="FOREGROUND"/>
          <option name="BACKGROUND"/>
          <option name="EFFECT_COLOR" value="ffcccc"/>
          <option name="EFFECT_TYPE" value="2"/>
        </value>
      </option>

      <option name="DIFF_INSERTED">
        <value>
          <option name="FOREGROUND"/>
          <option name="BACKGROUND" value="baeeba"/>
          <option name="EFFECT_COLOR"/>
          <option name="ERROR_STRIPE_COLOR" value="2df32d"/>
        </value>
      </option>

      <option name="DIFF_UNKNOWN">
        <value>
          <option name="FOREGROUND"/>
          <option name="BACKGROUND" value="DAE7C0"/>
          <option name="EFFECT_COLOR"/>
        </value>
      </option>

      <option name="DIFF_DELETED_FROM_FS">
        <value>
          <option name="FOREGROUND"/>
          <option name="BACKGROUND" value="387EE7"/>
          <option name="EFFECT_COLOR"/>
        </value>
      </option>

      <option name="JAVA_DOC_TAG">
        <value>
          <option name="FOREGROUND"/>
          <option name="BACKGROUND"/>
          <option name="EFFECT_COLOR" value="808080"/>
          <option name="EFFECT_TYPE" value="1"/>
          <option name="FONT_TYPE" value="1"/>
        </value>
      </option>

      <option name="JSP_SCRIPTING_BACKGROUND">
        <value>
          <option name="FOREGROUND"/>
          <option name="BACKGROUND" value="fffce4"/>
          <option name="EFFECT_COLOR"/>
        </value>
      </option>

      <option name="JSP_DIRECTIVE_BACKGROUND">
        <value>
          <option name="FOREGROUND"/>
          <option name="BACKGROUND" value="edffed"/>
          <option name="EFFECT_COLOR"/>
        </value>
      </option>

      <option name="JSP_COMMENT">
        <value>
          <option name="FOREGROUND" value="808080"/>
          <option name="BACKGROUND"/>
          <option name="EFFECT_COLOR"/>
          <option name="FONT_TYPE" value="2"/>
        </value>
      </option>

      <option name="NOT_USED_ELEMENT_ATTRIBUTES">
        <value>
          <option name="FOREGROUND" value="808080"/>
          <option name="BACKGROUND"/>
          <option name="EFFECT_COLOR"/>
        </value>
      </option>

      <option name="LOCAL_VARIABLE_ATTRIBUTES">
        <value>
          <option name="FOREGROUND"/>
          <option name="BACKGROUND"/>
          <option name="EFFECT_COLOR"/>
        </value>
      </option>
      <option name="REASSIGNED_LOCAL_VARIABLE_ATTRIBUTES">
        <value>
          <option name="FOREGROUND"/>
          <option name="BACKGROUND"/>
          <option name="EFFECT_COLOR"/>
        </value>
      </option>
      <option name="REASSIGNED_PARAMETER_ATTRIBUTES">
        <value>
          <option name="FOREGROUND"/>
          <option name="BACKGROUND"/>
          <option name="EFFECT_COLOR"/>
        </value>
      </option>
      <option name="IMPLICIT_ANONYMOUS_CLASS_PARAMETER_ATTRIBUTES">
        <value>
          <option name="FOREGROUND" value="660e7a"/>
          <option name="BACKGROUND"/>
          <option name="EFFECT_COLOR"/>
        </value>
      </option>
      <option name="CLASS_NAME_ATTRIBUTES">
        <value>
          <option name="FOREGROUND"/>
          <option name="BACKGROUND"/>
          <option name="EFFECT_COLOR"/>
        </value>
      </option>
      <option name="TYPE_PARAMETER_NAME_ATTRIBUTES">
        <value>
          <option name="FOREGROUND"/>
          <option name="BACKGROUND"/>
          <option name="EFFECT_COLOR"/>
        </value>
      </option>
      <option name="INTERFACE_NAME_ATTRIBUTES">
        <value>
          <option name="FOREGROUND"/>
          <option name="BACKGROUND"/>
          <option name="EFFECT_COLOR"/>
        </value>
      </option>
      <option name="ABSTRACT_CLASS_NAME_ATTRIBUTES">
        <value>
          <option name="FOREGROUND"/>
          <option name="BACKGROUND"/>
          <option name="EFFECT_COLOR"/>
        </value>
      </option>

      <option name="METHOD_CALL_ATTRIBUTES">
        <value>
          <option name="FOREGROUND"/>
          <option name="BACKGROUND"/>
          <option name="EFFECT_COLOR"/>
        </value>
      </option>
      <option name="METHOD_DECLARATION_ATTRIBUTES">
        <value>
          <option name="FOREGROUND"/>
          <option name="BACKGROUND"/>
          <option name="EFFECT_COLOR"/>
        </value>
      </option>
      <option name="CONSTRUCTOR_CALL_ATTRIBUTES">
        <value>
          <option name="FOREGROUND"/>
          <option name="BACKGROUND"/>
          <option name="EFFECT_COLOR"/>
        </value>
      </option>
      <option name="CONSTRUCTOR_DECLARATION_ATTRIBUTES">
        <value>
          <option name="FOREGROUND"/>
          <option name="BACKGROUND"/>
          <option name="EFFECT_COLOR"/>
        </value>
      </option>

      <option name="STATIC_METHOD_ATTRIBUTES">
        <value>
          <option name="FOREGROUND"/>
          <option name="BACKGROUND"/>
          <option name="EFFECT_COLOR"/>
          <option name="FONT_TYPE" value="2"/>
        </value>
      </option>

      <option name="ANNOTATION_ATTRIBUTE_NAME_ATTRIBUTES">
        <value>
          <option name="FOREGROUND"/>
          <option name="BACKGROUND"/>
          <option name="EFFECT_COLOR"/>
        </value>
      </option>

      <option name="ANNOTATION_NAME_ATTRIBUTES">
        <value>
          <option name="FOREGROUND"/>
          <option name="BACKGROUND"/>
          <option name="EFFECT_COLOR"/>
        </value>
      </option>

      <option name="JOIN_POINT">
        <value>
          <option name="FOREGROUND"/>
          <option name="BACKGROUND"/>
          <option name="EFFECT_COLOR" value="00FF00"/>
          <option name="EFFECT_TYPE" value="1"/>
          <option name="FONT_TYPE" value="1"/>
        </value>
      </option>

      <option name="JAVA_NUMBER">
        <value>
          <option name="FOREGROUND" value="ff"/>
          <option name="BACKGROUND"/>
          <option name="EFFECT_COLOR"/>
        </value>
      </option>

      <option name="JAVA_LINE_COMMENT">
        <value>
          <option name="FOREGROUND" value="808080"/>
          <option name="BACKGROUND"/>
          <option name="EFFECT_COLOR"/>
          <option name="FONT_TYPE" value="2"/>
        </value>
      </option>

      <option name="JAVA_BLOCK_COMMENT">
        <value>
          <option name="FOREGROUND" value="808080"/>
          <option name="BACKGROUND"/>
          <option name="EFFECT_COLOR"/>
          <option name="FONT_TYPE" value="2"/>
        </value>
      </option>

      <option name="INSTANCE_FIELD_ATTRIBUTES">
        <value>
          <option name="FOREGROUND" value="660e7a"/>
          <option name="BACKGROUND"/>
          <option name="EFFECT_COLOR"/>
          <option name="FONT_TYPE" value="1"/>
        </value>
      </option>

      <option name="JAVA_DOC_COMMENT">
        <value>
          <option name="FOREGROUND" value="808080"/>
          <option name="BACKGROUND"/>
          <option name="EFFECT_COLOR"/>
          <option name="FONT_TYPE" value="2"/>
        </value>
      </option>

      <option name="JSP_ATTRIBUTE_NAME">
        <value>
          <option name="FOREGROUND" value="ff"/>
          <option name="BACKGROUND"/>
          <option name="EFFECT_COLOR"/>
        </value>
      </option>

      <option name="DIFF_ABSENT">
        <value>
          <option name="FOREGROUND"/>
          <option name="BACKGROUND" value="f0f0f0"/>
          <option name="EFFECT_COLOR"/>
        </value>
      </option>

      <option name="DIFF_DELETED">
        <value>
          <option name="FOREGROUND"/>
          <option name="BACKGROUND" value="cbcbcb"/>
          <option name="EFFECT_COLOR"/>
          <option name="ERROR_STRIPE_COLOR" value="747474"/>

        </value>
      </option>

      <option name="DIFF_CONFLICT">
        <value>
          <option name="FOREGROUND"/>
          <option name="BACKGROUND" value="ffc8bd"/>
          <option name="EFFECT_COLOR"/>
          <option name="ERROR_STRIPE_COLOR" value="ff6647"/>
        </value>
      </option>

      <option name="PARAMETER_ATTRIBUTES">
        <value>
          <option name="FOREGROUND"/>
          <option name="BACKGROUND"/>
          <option name="EFFECT_COLOR"/>
        </value>
      </option>

      <option name="SEARCH_RESULT_ATTRIBUTES">
        <value>
          <option name="FOREGROUND"/>
          <option name="BACKGROUND" value="ccccff"/>
          <option name="EFFECT_COLOR"/>
        </value>
      </option>

      <option name="WRITE_SEARCH_RESULT_ATTRIBUTES">
        <value>
          <option name="FOREGROUND"/>
          <option name="BACKGROUND" value="ffcdff"/>
          <option name="EFFECT_COLOR"/>
        </value>
      </option>

      <option name="TEXT_SEARCH_RESULT_ATTRIBUTES">
        <value>
          <option name="FOREGROUND"/>
          <option name="BACKGROUND" value="ffff00"/>
          <option name="FONT_TYPE" value="0"/>
          <option name="EFFECT_COLOR"/>
          <option name="EFFECT_TYPE" value="0"/>
          <option name="ERROR_STRIPE_COLOR" value="00ff00"/>
        </value>
      </option>

      <option name="JAVA_KEYWORD">
        <value>
          <option name="FOREGROUND" value="80"/>
          <option name="BACKGROUND"/>
          <option name="EFFECT_COLOR"/>
          <option name="FONT_TYPE" value="1"/>
        </value>
      </option>

      <option name="ANNOTATION_NAME_ATTRIBUTES">
        <value>
          <option name="FOREGROUND" value="808000" />
          <option name="BACKGROUND" />
          <option name="FONT_TYPE" />
          <option name="EFFECT_COLOR" />
          <option name="EFFECT_TYPE" value="1" />
          <option name="ERROR_STRIPE_COLOR" />
        </value>
      </option>
      
      <option name="JSP_DIRECTIVE_NAME">
        <value>
          <option name="FOREGROUND" value="ff"/>
          <option name="BACKGROUND"/>
          <option name="EFFECT_COLOR"/>
          <option name="FONT_TYPE" value="1"/>
        </value>
      </option>


      <option name="EXECUTIONPOINT_ATTRIBUTES">
        <value>
          <option name="BACKGROUND" value="ff"/>
          <option name="FOREGROUND" value="ffffff"/>
          <option name="EFFECT_COLOR"/>
        </value>
      </option>

      <option name="UNMATCHED_BRACE_ATTRIBUTES">
        <value>
          <option name="FOREGROUND"/>
          <option name="BACKGROUND" value="ffdcdc"/>
          <option name="EFFECT_COLOR"/>
        </value>
      </option>

      <option name="JSP_ACTION_BACKGROUND">
        <value>
          <option name="FOREGROUND"/>
          <option name="BACKGROUND" value="efefef"/>
          <option name="EFFECT_COLOR"/>
        </value>
      </option>

      <option name="TEXT">
        <value>
          <option name="EFFECT_COLOR"/>
        </value>
      </option>

      <option name="BREAKPOINT_ATTRIBUTES">
        <value>
          <option name="FOREGROUND"/>
          <option name="BACKGROUND" value="ffc8c8"/>
          <option name="EFFECT_COLOR"/>
        </value>
      </option>

      <option name="JSP_ACTION_NAME">
        <value>
          <option name="FOREGROUND" value="80"/>
          <option name="BACKGROUND"/>
          <option name="EFFECT_COLOR"/>
          <option name="FONT_TYPE" value="1"/>
        </value>
      </option>

      <option name="JSP_ATTRIBUTE_VALUE">
        <value>
          <option name="FOREGROUND" value="8000"/>
          <option name="BACKGROUND"/>
          <option name="EFFECT_COLOR"/>
        </value>
      </option>

      <option name="MATCHED_BRACE_ATTRIBUTES">
        <value>
          <option name="FOREGROUND"/>
          <option name="BACKGROUND" value="99ccff"/>
          <option name="EFFECT_COLOR"/>
        </value>
      </option>

      <option name="STATIC_FIELD_ATTRIBUTES">
        <value>
          <option name="FOREGROUND" value="660e7a"/>
          <option name="BACKGROUND"/>
          <option name="EFFECT_COLOR"/>
          <option name="FONT_TYPE" value="3"/>
        </value>
      </option>

      <option name="DIFF_MODIFIED">
        <value>
          <option name="FOREGROUND"/>
          <option name="BACKGROUND" value="bccff9"/>
          <option name="EFFECT_COLOR"/>
          <option name="ERROR_STRIPE_COLOR" value="3471ff"/>
        </value>
      </option>

      <option name="BAD_CHARACTER">
        <value>
          <option name="FOREGROUND"/>
          <option name="BACKGROUND" value="ffcccc"/>
          <option name="EFFECT_COLOR"/>
        </value>
      </option>

      <option name="CUSTOM_KEYWORD1_ATTRIBUTES">
        <value>
          <option name="FOREGROUND" value="80"/>
          <option name="BACKGROUND"/>
          <option name="EFFECT_COLOR"/>
          <option name="FONT_TYPE" value="1"/>
        </value>
      </option>
      <option name="CUSTOM_KEYWORD2_ATTRIBUTES">
        <value>
          <option name="FOREGROUND" value="660e7a"/>
          <option name="BACKGROUND"/>
          <option name="EFFECT_COLOR"/>
          <option name="FONT_TYPE" value="1"/>
        </value>
      </option>
      <option name="CUSTOM_KEYWORD3_ATTRIBUTES">
        <value>
          <option name="FOREGROUND" value="6666"/>
          <option name="BACKGROUND"/>
          <option name="EFFECT_COLOR"/>
          <option name="FONT_TYPE" value="1"/>
        </value>
      </option>
      <option name="CUSTOM_KEYWORD4_ATTRIBUTES">
        <value>
          <option name="FOREGROUND" value="660000"/>
          <option name="BACKGROUND"/>
          <option name="EFFECT_COLOR"/>
          <option name="FONT_TYPE" value="1"/>
        </value>
      </option>

      <option name="CUSTOM_NUMBER_ATTRIBUTES">
        <value>
          <option name="FOREGROUND" value="ff"/>
          <option name="BACKGROUND"/>
          <option name="EFFECT_COLOR"/>
        </value>
      </option>

      <option name="CUSTOM_STRING_ATTRIBUTES">
        <value>
          <option name="FOREGROUND" value="8000"/>
          <option name="BACKGROUND"/>
          <option name="EFFECT_COLOR"/>
          <option name="FONT_TYPE" value="1"/>
        </value>
      </option>

      <option name="CUSTOM_LINE_COMMENT_ATTRIBUTES">
        <value>
          <option name="FOREGROUND" value="808080"/>
          <option name="BACKGROUND"/>
          <option name="EFFECT_COLOR"/>
          <option name="FONT_TYPE" value="2"/>
        </value>
      </option>

      <option name="CUSTOM_MULTI_LINE_COMMENT_ATTRIBUTES">
        <value>
          <option name="FOREGROUND" value="808080"/>
          <option name="BACKGROUND"/>
          <option name="EFFECT_COLOR"/>
          <option name="FONT_TYPE" value="2"/>
        </value>
      </option>

      <option name="TEMPLATE_VARIABLE_ATTRIBUTES">
        <value>
          <option name="FOREGROUND" value="7f0000"/>
          <option name="BACKGROUND"/>
          <option name="FONT_TYPE" value="3"/>
        </value>
      </option>

      <option name="TODO_ATTRIBUTES">
        <value>
          <option name="FOREGROUND" value="ff"/>
          <option name="BACKGROUND"/>
          <option name="EFFECT_COLOR"/>
          <option name="FONT_TYPE" value="3"/>
        </value>
      </option>

      <option name="DEPRECATED_ATTRIBUTES">
        <value>
          <option name="FOREGROUND"/>
          <option name="BACKGROUND"/>
          <option name="EFFECT_COLOR" value="404040"/>
          <option name="EFFECT_TYPE" value="3"/>
        </value>
      </option>

      <option name="XML_PROLOGUE">
        <value>
          <option name="FOREGROUND"/>
          <option name="BACKGROUND"/>
          <option name="EFFECT_COLOR"/>
          <option name="FONT_TYPE" value="2"/>
        </value>
      </option>

      <option name="XML_COMMENT">
        <value>
          <option name="FOREGROUND" value="808080"/>
          <option name="BACKGROUND"/>
          <option name="EFFECT_COLOR"/>
          <option name="FONT_TYPE" value="2"/>
        </value>
      </option>

      <option name="XML_TAG">
        <value>
          <option name="FOREGROUND"/>
          <option name="BACKGROUND" value="efefef"/>
          <option name="EFFECT_COLOR"/>
        </value>
      </option>

      <option name="XML_TAG_NAME">
        <value>
          <option name="FOREGROUND" value="80"/>
          <option name="BACKGROUND"/>
          <option name="EFFECT_COLOR"/>
          <option name="FONT_TYPE" value="1"/>
        </value>
      </option>

      <option name="XML_ATTRIBUTE_VALUE">
        <value>
          <option name="FOREGROUND" value="8000"/>
          <option name="BACKGROUND"/>
          <option name="EFFECT_COLOR"/>
          <option name="FONT_TYPE" value="1"/>
        </value>
      </option>

      <option name="XML_ATTRIBUTE_NAME">
        <value>
          <option name="FOREGROUND" value="ff"/>
          <option name="BACKGROUND"/>
          <option name="EFFECT_COLOR"/>
          <option name="FONT_TYPE" value="1"/>
        </value>
      </option>

      <option name="XML_TAG_DATA">
        <value>
          <option name="FOREGROUND"/>
          <option name="BACKGROUND"/>
          <option name="EFFECT_COLOR"/>
          <option name="FONT_TYPE" value="1"/>
        </value>
      </option>

      <option name="XML_ENTITY_REFERENCE">
        <value>
          <option name="FOREGROUND"/>
          <option name="BACKGROUND"/>
          <option name="EFFECT_COLOR"/>
          <option name="FONT_TYPE" value="1"/>
        </value>
      </option>

      <option name="HTML_COMMENT">
        <value>
          <option name="FOREGROUND" value="808080"/>
          <option name="BACKGROUND"/>
          <option name="EFFECT_COLOR"/>
          <option name="FONT_TYPE" value="2"/>
        </value>
      </option>

      <option name="HTML_TAG">
        <value>
          <option name="FOREGROUND"/>
          <option name="BACKGROUND" value="efefef"/>
          <option name="EFFECT_COLOR"/>
        </value>
      </option>

      <option name="HTML_TAG_NAME">
        <value>
          <option name="FOREGROUND" value="80"/>
          <option name="BACKGROUND"/>
          <option name="EFFECT_COLOR"/>
          <option name="FONT_TYPE" value="1"/>
        </value>
      </option>

      <option name="HTML_ATTRIBUTE_VALUE">
        <value>
          <option name="FOREGROUND" value="8000"/>
          <option name="BACKGROUND"/>
          <option name="EFFECT_COLOR"/>
          <option name="FONT_TYPE" value="1"/>
        </value>
      </option>

      <option name="HTML_ATTRIBUTE_NAME">
        <value>
          <option name="FOREGROUND" value="ff"/>
          <option name="BACKGROUND"/>
          <option name="EFFECT_COLOR"/>
          <option name="FONT_TYPE" value="1"/>
        </value>
      </option>

      <option name="HTML_ENTITY_REFERENCE">
        <value>
          <option name="FOREGROUND" value="ff"/>
          <option name="BACKGROUND"/>
          <option name="EFFECT_COLOR"/>
          <option name="FONT_TYPE" value="1"/>
        </value>
      </option>

      <!--CSS-->
      <option name="CSS.COMMENT">
        <value>
          <option name="FOREGROUND" value="808080" />
          <option name="BACKGROUND" />
          <option name="FONT_TYPE" value="2" />
          <option name="EFFECT_COLOR" />
          <option name="ERROR_STRIPE_COLOR" />
        </value>
      </option>
      <option name="CSS.FUNCTION">
        <value>
          <option name="FOREGROUND" value="80" />
          <option name="BACKGROUND" />
          <option name="FONT_TYPE" value="1" />
          <option name="EFFECT_COLOR" />
          <option name="ERROR_STRIPE_COLOR" />
        </value>
      </option>
      <option name="CSS.IDENT">
        <value>
          <option name="FOREGROUND" value="80" />
          <option name="BACKGROUND" />
          <option name="FONT_TYPE" value="1" />
          <option name="EFFECT_COLOR" />
          <option name="ERROR_STRIPE_COLOR" />
        </value>
      </option>
      <option name="CSS.KEYWORD">
        <value>
          <option name="FOREGROUND" value="80" />
          <option name="BACKGROUND" />
          <option name="FONT_TYPE" value="1" />
          <option name="EFFECT_COLOR" />
          <option name="EFFECT_TYPE" value="1" />
          <option name="ERROR_STRIPE_COLOR" />
        </value>
      </option>
      <option name="CSS.NUMBER">
        <value>
          <option name="FOREGROUND" value="ff" />
          <option name="BACKGROUND" />
          <option name="FONT_TYPE" />
          <option name="EFFECT_COLOR" />
          <option name="ERROR_STRIPE_COLOR" />
        </value>
      </option>
      <option name="CSS.PROPERTY_NAME">
        <value>
          <option name="FOREGROUND" value="ff" />
          <option name="BACKGROUND" />
          <option name="FONT_TYPE" value="1" />
          <option name="EFFECT_COLOR" />
          <option name="EFFECT_TYPE" />
          <option name="ERROR_STRIPE_COLOR" />
        </value>
      </option>
      <option name="CSS.PROPERTY_VALUE">
        <value>
          <option name="FOREGROUND" value="8000" />
          <option name="BACKGROUND" />
          <option name="FONT_TYPE" value="1" />
          <option name="EFFECT_COLOR" />
          <option name="EFFECT_TYPE" />
          <option name="ERROR_STRIPE_COLOR" />
        </value>
      </option>
      <option name="CSS.STRING">
        <value>
          <option name="FOREGROUND" value="8000" />
          <option name="BACKGROUND" />
          <option name="FONT_TYPE" value="1" />
          <option name="EFFECT_COLOR" />
          <option name="EFFECT_TYPE" />
          <option name="ERROR_STRIPE_COLOR" />
        </value>
      </option>
      <option name="CSS.TAG_NAME">
        <value>
          <option name="FOREGROUND" value="80" />
          <option name="BACKGROUND" />
          <option name="FONT_TYPE" value="1" />
          <option name="EFFECT_COLOR" />
          <option name="EFFECT_TYPE" />
          <option name="ERROR_STRIPE_COLOR" />
        </value>
      </option>
      <option name="CSS.URL">
        <value>
          <option name="FOREGROUND" value="8000" />
          <option name="BACKGROUND" />
          <option name="FONT_TYPE" value="1" />
          <option name="EFFECT_COLOR" />
          <option name="EFFECT_TYPE" />
          <option name="ERROR_STRIPE_COLOR" />
        </value>
      </option>

      <!--Properties Files-->
      <option name="PROPERTIES.INVALID_STRING_ESCAPE">
        <value>
          <option name="FOREGROUND" value="8000" />
          <option name="BACKGROUND" value="ffcccc" />
          <option name="FONT_TYPE" />
          <option name="EFFECT_COLOR" />
          <option name="EFFECT_TYPE" />
          <option name="ERROR_STRIPE_COLOR" />
        </value>
      </option>
      <option name="PROPERTIES.KEY">
        <value>
          <option name="FOREGROUND" value="80" />
          <option name="BACKGROUND" />
          <option name="FONT_TYPE" value="1" />
          <option name="EFFECT_COLOR" />
          <option name="EFFECT_TYPE" value="1" />
          <option name="ERROR_STRIPE_COLOR" />
        </value>
      </option>
      <option name="PROPERTIES.KEY_VALUE_SEPARATOR">
        <value>
          <option name="FOREGROUND" />
          <option name="BACKGROUND" />
          <option name="FONT_TYPE" />
          <option name="EFFECT_COLOR" />
          <option name="EFFECT_TYPE" />
          <option name="ERROR_STRIPE_COLOR" />
        </value>
      </option>
      <option name="PROPERTIES.LINE_COMMENT">
        <value>
          <option name="FOREGROUND" value="808080" />
          <option name="BACKGROUND" />
          <option name="FONT_TYPE" value="2" />
          <option name="EFFECT_COLOR" />
          <option name="EFFECT_TYPE" />
          <option name="ERROR_STRIPE_COLOR" />
        </value>
      </option>
      <option name="PROPERTIES.VALID_STRING_ESCAPE">
        <value>
          <option name="FOREGROUND" value="80" />
          <option name="BACKGROUND" />
          <option name="FONT_TYPE" value="1" />
          <option name="EFFECT_COLOR" />
          <option name="EFFECT_TYPE" />
          <option name="ERROR_STRIPE_COLOR" />
        </value>
      </option>
      <option name="PROPERTIES.VALUE">
        <value>
          <option name="FOREGROUND" value="8000" />
          <option name="BACKGROUND" />
          <option name="FONT_TYPE" value="1" />
          <option name="EFFECT_COLOR" />
          <option name="EFFECT_TYPE" />
          <option name="ERROR_STRIPE_COLOR" />
        </value>
      </option>
      <option name="CTRL_CLICKABLE">
        <value>
          <option name="FOREGROUND" value="0000ff" />
          <option name="EFFECT_COLOR" value="0000ff"/>
          <option name="EFFECT_TYPE" value="1"/>
        </value>
      </option>
    </attributes>
  </scheme>
</component>