<component version="2">

  <ignoreFiles list="CVS;SCCS;RCS;rcs;.DS_Store;.svn;.pyc;.pyo"/>

  <filetypes>
    <filetype name = "IDL" description = "IDL files"
      extensions="idl"
      default_extension="idl"
      binary="false"
      icon = "/fileTypes/idl.png">

      <highlighting>

        <options>
          <option name="LINE_COMMENT" value="//" />
          <option name="COMMENT_START" value="/*" />
          <option name="COMMENT_END" value="*/" />
          <option name="HEX_PREFIX" value="0x" />
          <option name="NUM_POSTFIXES" value="ldf" />
        </options>

        <keywords ignore_case="false">
          <keyword name="short" />
          <keyword name="long" />
          <keyword name="define" />
          <keyword name="interface" />
          <keyword name="endif" />
          <keyword name="unsigned" />
          <keyword name="ifndef" />
          <keyword name="fixed" />
          <keyword name="switch" />
          <keyword name="case" />
          <keyword name="context" />
          <keyword name="module" />
          <keyword name="any" />
          <keyword name="boolean" />
          <keyword name="in" />
          <keyword name="const" />
          <keyword name="Object" />
          <keyword name="float" />
          <keyword name="attribute" />
          <keyword name="char" />
          <keyword name="struct" />
          <keyword name="void" />
          <keyword name="string" />
          <keyword name="double" />
          <keyword name="exception" />
          <keyword name="union" />
          <keyword name="octet" />
          <keyword name="out" />
          <keyword name="TRUE" />
          <keyword name="wchar" />
          <keyword name="typedef" />
          <keyword name="oneway" />
          <keyword name="inout" />
          <keyword name="wstring" />
          <keyword name="ifdef" />
          <keyword name="raises" />
          <keyword name="FALSE" />
          <keyword name="readonly" />
          <keyword name="sequence" />
          <keyword name="enum" />
          <keyword name="default" />
        </keywords>

      </highlighting>

    </filetype>

    <filetype binary="false" default_extension="cpp" extensions="c;cpp;h;hpp" description="C/C++ files" name="C++" icon="/fileTypes/custom.png">
      <highlighting>
        <options>
          <option name="LINE_COMMENT" value="//"/>
          <option name="COMMENT_START" value="/*"/>
          <option name="COMMENT_END" value="*/"/>
          <option name="HEX_PREFIX" value="0x"/>
          <option name="NUM_POSTFIXES" value=""/>
          <option name="HAS_BRACES" value="true" />
          <option name="HAS_BRACKETS" value="true" />
          <option name="HAS_PARENS" value="true" />
        </options>
        <keywords ignore_case="false">
          <keyword name="#include"/>
          <keyword name="#define"/>
          <keyword name="#undef"/>
          <keyword name="#if"/>
          <keyword name="#ifdef"/>
          <keyword name="#ifndef"/>
          <keyword name="#else"/>
          <keyword name="#error"/>
          <keyword name="#line"/>
          <keyword name="#endif"/>
          <keyword name="auto"/>
          <keyword name="bool"/>
          <keyword name="break"/>
          <keyword name="case"/>
          <keyword name="char"/>
          <keyword name="const"/>
          <keyword name="continue"/>
          <keyword name="default"/>
          <keyword name="delete"/>
          <keyword name="do"/>
          <keyword name="double"/>
          <keyword name="else"/>
          <keyword name="enum"/>
          <keyword name="extern"/>
          <keyword name="false"/>
          <keyword name="float"/>
          <keyword name="for"/>
          <keyword name="goto"/>
          <keyword name="if"/>
          <keyword name="int"/>
          <keyword name="long"/>
          <keyword name="register"/>
          <keyword name="return"/>
          <keyword name="short"/>
          <keyword name="signed"/>
          <keyword name="sizeof"/>
          <keyword name="static"/>
          <keyword name="struct"/>
          <keyword name="switch"/>
          <keyword name="typedef"/>
          <keyword name="union"/>
          <keyword name="unsigned"/>
          <keyword name="void"/>
          <keyword name="volatile"/>
          <keyword name="while"/>
        </keywords>
        <keywords2>
          <keyword name="asm"/>
          <keyword name="catch"/>
          <keyword name="class"/>
          <keyword name="const_cast"/>
          <keyword name="dynamic_cast"/>
          <keyword name="explicit"/>
          <keyword name="friend"/>
          <keyword name="inline"/>
          <keyword name="mutable"/>
          <keyword name="namespace"/>
          <keyword name="new"/>
          <keyword name="operator"/>
          <keyword name="private"/>
          <keyword name="protected"/>
          <keyword name="public"/>
          <keyword name="reinterpret_cast"/>
          <keyword name="static_cast"/>
          <keyword name="this"/>
          <keyword name="throw"/>
          <keyword name="true"/>
          <keyword name="try"/>
          <keyword name="typeid"/>
          <keyword name="typename"/>
          <keyword name="using"/>
          <keyword name="virtual"/>
          <keyword name="wchar_t"/>
        </keywords2>
        <keywords3/>
        <keywords4/>
      </highlighting>
    </filetype>

    <filetype binary="false" default_extension="cs" extensions="cs" description="C# files" name="C#" icon="/fileTypes/javaScript.png">
      <highlighting>
        <options>
          <option name="LINE_COMMENT" value="//"/>
          <option name="COMMENT_START" value="/*"/>
          <option name="COMMENT_END" value="*/"/>
          <option name="HEX_PREFIX" value=""/>
          <option name="NUM_POSTFIXES" value=""/>
          <option name="HAS_BRACES" value="true" />
          <option name="HAS_BRACKETS" value="true" />
          <option name="HAS_PARENS" value="true" />
        </options>
        <keywords ignore_case="false">
          <keyword name="abstract"/>
          <keyword name="as"/>
          <keyword name="base"/>
          <keyword name="bool"/>
          <keyword name="break"/>
          <keyword name="byte"/>
          <keyword name="case"/>
          <keyword name="catch"/>
          <keyword name="char"/>
          <keyword name="checked"/>
          <keyword name="class"/>
          <keyword name="const"/>
          <keyword name="continue"/>
          <keyword name="decimal"/>
          <keyword name="default"/>
          <keyword name="delegate"/>
          <keyword name="do"/>
          <keyword name="double"/>
          <keyword name="else"/>
          <keyword name="enum"/>
          <keyword name="event"/>
          <keyword name="explicit"/>
          <keyword name="extern"/>
          <keyword name="false"/>
          <keyword name="finally"/>
          <keyword name="fixed"/>
          <keyword name="float"/>
          <keyword name="for"/>
          <keyword name="foreach"/>
          <keyword name="goto"/>
          <keyword name="if"/>
          <keyword name="implicit"/>
          <keyword name="in"/>
          <keyword name="int"/>
          <keyword name="interface"/>
          <keyword name="internal"/>
          <keyword name="is"/>
          <keyword name="lock"/>
          <keyword name="long"/>
          <keyword name="namespace"/>
          <keyword name="new"/>
          <keyword name="null"/>
          <keyword name="object"/>
          <keyword name="operator"/>
          <keyword name="out"/>
          <keyword name="override"/>
          <keyword name="params"/>
          <keyword name="private"/>
          <keyword name="protected"/>
          <keyword name="public"/>
          <keyword name="readonly"/>
          <keyword name="ref"/>
          <keyword name="return"/>
          <keyword name="sbyte"/>
          <keyword name="sealed"/>
          <keyword name="short"/>
          <keyword name="sizeof"/>
          <keyword name="stackalloc"/>
          <keyword name="static"/>
          <keyword name="string"/>
          <keyword name="struct"/>
          <keyword name="switch"/>
          <keyword name="this"/>
          <keyword name="throw"/>
          <keyword name="true"/>
          <keyword name="try"/>
          <keyword name="typeof"/>
          <keyword name="uint"/>
          <keyword name="ulong"/>
          <keyword name="unchecked"/>
          <keyword name="unsafe"/>
          <keyword name="ushort"/>
          <keyword name="using"/>
          <keyword name="virtual"/>
          <keyword name="void"/>
          <keyword name="volatile"/>
          <keyword name="while"/>
        </keywords>
        <keywords2/>
        <keywords3/>
        <keywords4/>
      </highlighting>
    </filetype>
  </filetypes>
</component>