<?xml version="1.0" encoding="ISO-8859-1"?>
<project name="test" default="test">
  <property environment="env"/>    
  <property file="./build.properties"/>
  <taskdef resource="jetbrains/mps/build/ant/antlib.xml"
         classpath="${mps_build}/lib/mps-backend.jar"/>

  <target name="test">
    <mps.generate fork="true" mpshome="${mps_build}" loglevel="info" >
          <jvmargs>            
            <arg value="-Xmx1200m"/>
            <arg value="-XX:MaxPermSize=100m"/>
          </jvmargs>
          <macro name="mps_build" path="${mps_build}"/>          
          <project dir="." wholeProject="true">
             <filename name="${mps_project}"/>
          </project>
    </mps.generate>
  </target>

</project>

